top.pd2.mem1 m_btransportReadEventId,top.pd2.mem1 m_btransportWriteEventId,time(us)
0,0,1
0,0,2
1,0,3
0,0,4
1,0,5
0,0,6
0,1,7
0,0,8
1,0,9
0,0,10
0,1,11
0,0,12
1,0,13
0,0,14
1,0,15
0,0,16
1,0,17
0,0,18
1,0,19
0,0,20
1,0,21
0,0,22
0,1,23
0,0,24
0,1,25
0,0,26
0,1,27
0,0,28
1,0,29
0,0,30
1,0,31
0,0,32
0,1,33
0,0,34
1,0,35
0,0,36
1,0,37
0,0,38
1,0,39
0,0,40
1,0,41
0,0,42
0,1,43
0,0,44
0,1,45
0,0,46
0,1,47
0,0,48
1,0,49
0,0,50
1,0,51
0,0,52
0,1,53
0,0,54
0,1,55
0,0,56
1,0,57
0,0,58
1,0,59
0,0,60
0,1,61
0,0,62
0,1,63
0,0,64
1,0,65
0,0,66
1,0,67
0,0,68
1,0,69
0,0,70
1,0,71
0,0,72
0,1,73
0,0,74
0,1,75
0,0,76
1,0,77
0,0,78
1,0,79
0,0,80
0,1,81
0,0,82
1,0,83
0,0,84
0,1,85
0,0,86
1,0,87
0,0,88
0,1,89
0,0,90
0,1,91
0,0,92
1,0,93
0,0,94
0,1,95
0,0,96
0,1,97
0,0,98
0,1,99
0,0,100
1,0,101
0,0,102
1,0,103
0,0,104
1,0,105
0,0,106
0,1,107
0,0,108
1,0,109
0,0,110
1,0,111
0,0,112
1,0,113
0,0,114
1,0,115
0,0,116
0,1,117
0,0,118
1,0,119
0,0,120
0,1,121
0,0,122
1,0,123
0,0,124
1,0,125
0,0,126
1,0,127
0,0,128
0,1,129
0,0,130
0,1,131
0,0,132
0,1,133
0,0,134
0,1,135
0,0,136
1,0,137
0,0,138
0,1,139
0,0,140
1,0,141
0,0,142
1,0,143
0,0,144
1,0,145
0,0,146
1,0,147
0,0,148
0,1,149
0,0,150
0,1,151
0,0,152
1,0,153
0,0,154
0,1,155
0,0,156
0,1,157
0,0,158
1,0,159
0,0,160
0,1,161
0,0,162
1,0,163
0,0,164
0,1,165
0,0,166
1,0,167
0,0,168
1,0,169
0,0,170
1,0,171
0,0,172
1,0,173
0,0,174
0,1,175
0,0,176
0,1,177
0,0,178
0,1,179
0,0,180
1,0,181
0,0,182
0,1,183
0,0,184
0,1,185
0,0,186
0,1,187
0,0,188
0,1,189
0,0,190
1,0,191
0,0,192
1,0,193
0,0,194
0,1,195
0,0,196
1,0,197
0,0,198
1,0,199
0,0,200
1,0,201
0,0,202
1,0,203
0,0,204
0,1,205
0,0,206
1,0,207
0,0,208
1,0,209
0,0,210
1,0,211
0,0,212
0,1,213
0,0,214
1,0,215
0,0,216
1,0,217
0,0,218
1,0,219
0,0,220
1,0,221
0,0,222
0,1,223
0,0,224
0,1,225
0,0,226
1,0,227
0,0,228
0,1,229
0,0,230
1,0,231
0,0,232
0,1,233
0,0,234
1,0,235
0,0,236
0,1,237
0,0,238
0,1,239
0,0,240
1,0,241
0,0,242
0,1,243
0,0,244
0,1,245
0,0,246
0,1,247
0,0,248
1,0,249
0,0,250
1,0,251
0,0,252
1,0,253
0,0,254
0,1,255
0,0,256
0,1,257
0,0,258
0,1,259
0,0,260
1,0,261
0,0,262
1,0,263
0,0,264
0,1,265
0,0,266
0,1,267
0,0,268
1,0,269
0,0,270
0,1,271
0,0,272
1,0,273
0,0,274
1,0,275
0,0,276
1,0,277
0,0,278
0,1,279
0,0,280
0,1,281
0,0,282
0,1,283
0,0,284
1,0,285
0,0,286
0,1,287
0,0,288
1,0,289
0,0,290
0,1,291
0,0,292
1,0,293
0,0,294
1,0,295
0,0,296
0,1,297
0,0,298
1,0,299
0,0,300
0,1,301
0,0,302
0,1,303
0,0,304
1,0,305
0,0,306
0,1,307
0,0,308
1,0,309
0,0,310
1,0,311
0,0,312
1,0,313
0,0,314
1,0,315
0,0,316
1,0,317
0,0,318
1,0,319
0,0,320
0,1,321
0,0,322
1,0,323
0,0,324
0,1,325
0,0,326
1,0,327
0,0,328
0,1,329
0,0,330
1,0,331
0,0,332
0,1,333
0,0,334
1,0,335
0,0,336
0,1,337
0,0,338
1,0,339
0,0,340
0,1,341
0,0,342
0,1,343
0,0,344
1,0,345
0,0,346
0,1,347
0,0,348
0,1,349
0,0,350
1,0,351
0,0,352
0,1,353
0,0,354
1,0,355
0,0,356
1,0,357
0,0,358
1,0,359
0,0,360
0,1,361
0,0,362
0,1,363
0,0,364
1,0,365
0,0,366
0,1,367
0,0,368
1,0,369
0,0,370
0,1,371
0,0,372
1,0,373
0,0,374
1,0,375
0,0,376
1,0,377
0,0,378
0,1,379
0,0,380
0,1,381
0,0,382
1,0,383
0,0,384
0,1,385
0,0,386
0,1,387
0,0,388
1,0,389
0,0,390
1,0,391
0,0,392
0,1,393
0,0,394
1,0,395
0,0,396
0,1,397
0,0,398
0,1,399
0,0,400
0,1,401
0,0,402
1,0,403
0,0,404
0,1,405
0,0,406
1,0,407
0,0,408
0,1,409
0,0,410
1,0,411
0,0,412
1,0,413
0,0,414
1,0,415
0,0,416
0,1,417
0,0,418
0,1,419
0,0,420
0,1,421
0,0,422
0,1,423
0,0,424
1,0,425
0,0,426
1,0,427
0,0,428
0,1,429
0,0,430
0,1,431
0,0,432
1,0,433
0,0,434
0,1,435
0,0,436
1,0,437
0,0,438
1,0,439
0,0,440
0,1,441
0,0,442
0,1,443
0,0,444
1,0,445
0,0,446
0,1,447
0,0,448
0,1,449
0,0,450
0,1,451
0,0,452
1,0,453
0,0,454
0,1,455
0,0,456
1,0,457
0,0,458
1,0,459
0,0,460
0,1,461
0,0,462
1,0,463
0,0,464
0,1,465
0,0,466
1,0,467
0,0,468
0,1,469
0,0,470
0,1,471
0,0,472
1,0,473
0,0,474
0,1,475
0,0,476
1,0,477
0,0,478
0,1,479
0,0,480
1,0,481
0,0,482
0,1,483
0,0,484
0,1,485
0,0,486
0,1,487
0,0,488
1,0,489
0,0,490
1,0,491
0,0,492
0,1,493
0,0,494
1,0,495
0,0,496
1,0,497
0,0,498
