moduleID,module_current,time(s)
cpu0,0,1e-08
mem0,0,1e-08
mem1,0,1e-08
cpu0,2.22222e+08,2e-08
mem0,4.44444e+06,2e-08
mem1,5.55556e+06,2e-08
cpu0,2.22222e+08,3e-08
mem0,4.44444e+06,3e-08
mem1,5.55556e+06,3e-08
cpu0,2.22222e+08,4e-08
mem0,4.44444e+06,4e-08
mem1,5.55556e+06,4e-08
cpu0,2.22222e+08,5e-08
mem0,4.44444e+06,5e-08
mem1,5.55556e+06,5e-08
cpu0,2.22222e+08,6e-08
mem0,4.44444e+06,6e-08
mem1,5.55556e+06,6e-08
cpu0,3.33333e+08,7e-08
mem0,4.44444e+06,7e-08
mem1,1e+07,7e-08
cpu0,2.22222e+08,8e-08
mem0,4.44444e+06,8e-08
mem1,5.55556e+06,8e-08
cpu0,2.22222e+08,9e-08
mem0,4.44444e+06,9e-08
mem1,5.55556e+06,9e-08
cpu0,2.22222e+08,1e-07
mem0,4.44444e+06,1e-07
mem1,5.55556e+06,1e-07
cpu0,2.22222e+08,1.1e-07
mem0,4.44444e+06,1.1e-07
mem1,5.55556e+06,1.1e-07
cpu0,3.33333e+08,1.2e-07
mem0,6.66667e+06,1.2e-07
mem1,5.55556e+06,1.2e-07
cpu0,2.22222e+08,1.3e-07
mem0,4.44444e+06,1.3e-07
mem1,5.55556e+06,1.3e-07
cpu0,2.22222e+08,1.4e-07
mem0,4.44444e+06,1.4e-07
mem1,5.55556e+06,1.4e-07
cpu0,2.22222e+08,1.5e-07
mem0,4.44444e+06,1.5e-07
mem1,5.55556e+06,1.5e-07
cpu0,2.22222e+08,1.6e-07
mem0,4.44444e+06,1.6e-07
mem1,5.55556e+06,1.6e-07
cpu0,1.22222e+08,1.7e-07
mem0,4.44444e+06,1.7e-07
mem1,1e+07,1.7e-07
cpu0,1.11111e+07,1.8e-07
mem0,4.44444e+06,1.8e-07
mem1,5.55556e+06,1.8e-07
cpu0,1.11111e+07,1.9e-07
mem0,4.44444e+06,1.9e-07
mem1,5.55556e+06,1.9e-07
cpu0,1.11111e+07,2e-07
mem0,4.44444e+06,2e-07
mem1,5.55556e+06,2e-07
cpu0,1.11111e+07,2.1e-07
mem0,4.44444e+06,2.1e-07
mem1,5.55556e+06,2.1e-07
cpu0,1.22222e+08,2.2e-07
mem0,6.66667e+06,2.2e-07
mem1,5.55556e+06,2.2e-07
cpu0,1.11111e+07,2.3e-07
mem0,4.44444e+06,2.3e-07
mem1,5.55556e+06,2.3e-07
cpu0,1.11111e+07,2.4e-07
mem0,4.44444e+06,2.4e-07
mem1,5.55556e+06,2.4e-07
cpu0,1.11111e+07,2.5e-07
mem0,4.44444e+06,2.5e-07
mem1,5.55556e+06,2.5e-07
cpu0,1.11111e+07,2.6e-07
mem0,4.44444e+06,2.6e-07
mem1,5.55556e+06,2.6e-07
cpu0,6.66667e+07,2.7e-07
mem0,4.44444e+06,2.7e-07
mem1,7.22222e+06,2.7e-07
cpu0,1.11111e+07,2.8e-07
mem0,4.44444e+06,2.8e-07
mem1,5.55556e+06,2.8e-07
cpu0,1.11111e+07,2.9e-07
mem0,4.44444e+06,2.9e-07
mem1,5.55556e+06,2.9e-07
cpu0,1.11111e+07,3e-07
mem0,4.44444e+06,3e-07
mem1,5.55556e+06,3e-07
cpu0,1.11111e+07,3.1e-07
mem0,4.44444e+06,3.1e-07
mem1,5.55556e+06,3.1e-07
cpu0,1.22222e+08,3.2e-07
mem0,4.44444e+06,3.2e-07
mem1,1e+07,3.2e-07
cpu0,1.11111e+07,3.3e-07
mem0,4.44444e+06,3.3e-07
mem1,5.55556e+06,3.3e-07
cpu0,1.11111e+07,3.4e-07
mem0,4.44444e+06,3.4e-07
mem1,5.55556e+06,3.4e-07
cpu0,1.11111e+07,3.5e-07
mem0,4.44444e+06,3.5e-07
mem1,5.55556e+06,3.5e-07
cpu0,1.11111e+07,3.6e-07
mem0,4.44444e+06,3.6e-07
mem1,5.55556e+06,3.6e-07
cpu0,1.22222e+08,3.7e-07
mem0,4.44444e+06,3.7e-07
mem1,1e+07,3.7e-07
cpu0,1.11111e+07,3.8e-07
mem0,4.44444e+06,3.8e-07
mem1,5.55556e+06,3.8e-07
cpu0,1.11111e+07,3.9e-07
mem0,4.44444e+06,3.9e-07
mem1,5.55556e+06,3.9e-07
cpu0,1.11111e+07,4e-07
mem0,4.44444e+06,4e-07
mem1,5.55556e+06,4e-07
cpu0,1.11111e+07,4.1e-07
mem0,4.44444e+06,4.1e-07
mem1,5.55556e+06,4.1e-07
cpu0,1.22222e+08,4.2e-07
mem0,4.44444e+06,4.2e-07
mem1,1e+07,4.2e-07
cpu0,1.11111e+07,4.3e-07
mem0,4.44444e+06,4.3e-07
mem1,5.55556e+06,4.3e-07
cpu0,1.11111e+07,4.4e-07
mem0,4.44444e+06,4.4e-07
mem1,5.55556e+06,4.4e-07
cpu0,1.11111e+07,4.5e-07
mem0,4.44444e+06,4.5e-07
mem1,5.55556e+06,4.5e-07
cpu0,1.11111e+07,4.6e-07
mem0,4.44444e+06,4.6e-07
mem1,5.55556e+06,4.6e-07
cpu0,6.66667e+07,4.7e-07
mem0,4.44444e+06,4.7e-07
mem1,7.22222e+06,4.7e-07
cpu0,1.11111e+07,4.8e-07
mem0,4.44444e+06,4.8e-07
mem1,5.55556e+06,4.8e-07
cpu0,1.11111e+07,4.9e-07
mem0,4.44444e+06,4.9e-07
mem1,5.55556e+06,4.9e-07
cpu0,1.11111e+07,5e-07
mem0,4.44444e+06,5e-07
mem1,5.55556e+06,5e-07
cpu0,1.11111e+07,5.1e-07
mem0,4.44444e+06,5.1e-07
mem1,5.55556e+06,5.1e-07
cpu0,1.22222e+08,5.2e-07
mem0,6.66667e+06,5.2e-07
mem1,5.55556e+06,5.2e-07
cpu0,1.11111e+07,5.3e-07
mem0,4.44444e+06,5.3e-07
mem1,5.55556e+06,5.3e-07
cpu0,1.11111e+07,5.4e-07
mem0,4.44444e+06,5.4e-07
mem1,5.55556e+06,5.4e-07
cpu0,1.11111e+07,5.5e-07
mem0,4.44444e+06,5.5e-07
mem1,5.55556e+06,5.5e-07
cpu0,1.11111e+07,5.6e-07
mem0,4.44444e+06,5.6e-07
mem1,5.55556e+06,5.6e-07
cpu0,6.66667e+07,5.7e-07
mem0,5.33333e+06,5.7e-07
mem1,5.55556e+06,5.7e-07
cpu0,1.11111e+07,5.8e-07
mem0,4.44444e+06,5.8e-07
mem1,5.55556e+06,5.8e-07
cpu0,1.11111e+07,5.9e-07
mem0,4.44444e+06,5.9e-07
mem1,5.55556e+06,5.9e-07
cpu0,1.11111e+07,6e-07
mem0,4.44444e+06,6e-07
mem1,5.55556e+06,6e-07
cpu0,1.11111e+07,6.1e-07
mem0,4.44444e+06,6.1e-07
mem1,5.55556e+06,6.1e-07
cpu0,6.66667e+07,6.2e-07
mem0,4.44444e+06,6.2e-07
mem1,7.22222e+06,6.2e-07
cpu0,1.11111e+07,6.3e-07
mem0,4.44444e+06,6.3e-07
mem1,5.55556e+06,6.3e-07
cpu0,1.11111e+07,6.4e-07
mem0,4.44444e+06,6.4e-07
mem1,5.55556e+06,6.4e-07
cpu0,1.11111e+07,6.5e-07
mem0,4.44444e+06,6.5e-07
mem1,5.55556e+06,6.5e-07
cpu0,1.11111e+07,6.6e-07
mem0,4.44444e+06,6.6e-07
mem1,5.55556e+06,6.6e-07
cpu0,1.22222e+08,6.7e-07
mem0,6.66667e+06,6.7e-07
mem1,5.55556e+06,6.7e-07
cpu0,1.11111e+07,6.8e-07
mem0,4.44444e+06,6.8e-07
mem1,5.55556e+06,6.8e-07
cpu0,1.11111e+07,6.9e-07
mem0,4.44444e+06,6.9e-07
mem1,5.55556e+06,6.9e-07
cpu0,1.11111e+07,7e-07
mem0,4.44444e+06,7e-07
mem1,5.55556e+06,7e-07
cpu0,1.11111e+07,7.1e-07
mem0,4.44444e+06,7.1e-07
mem1,5.55556e+06,7.1e-07
cpu0,3.33333e+08,7.2e-07
mem0,4.44444e+06,7.2e-07
mem1,1e+07,7.2e-07
cpu0,2.22222e+08,7.3e-07
mem0,4.44444e+06,7.3e-07
mem1,5.55556e+06,7.3e-07
cpu0,2.22222e+08,7.4e-07
mem0,4.44444e+06,7.4e-07
mem1,5.55556e+06,7.4e-07
cpu0,2.22222e+08,7.5e-07
mem0,4.44444e+06,7.5e-07
mem1,5.55556e+06,7.5e-07
cpu0,2.22222e+08,7.6e-07
mem0,4.44444e+06,7.6e-07
mem1,5.55556e+06,7.6e-07
cpu0,3.33333e+08,7.7e-07
mem0,6.66667e+06,7.7e-07
mem1,5.55556e+06,7.7e-07
cpu0,2.22222e+08,7.8e-07
mem0,4.44444e+06,7.8e-07
mem1,5.55556e+06,7.8e-07
cpu0,2.22222e+08,7.9e-07
mem0,4.44444e+06,7.9e-07
mem1,5.55556e+06,7.9e-07
cpu0,2.22222e+08,8e-07
mem0,4.44444e+06,8e-07
mem1,5.55556e+06,8e-07
cpu0,2.22222e+08,8.1e-07
mem0,4.44444e+06,8.1e-07
mem1,5.55556e+06,8.1e-07
cpu0,3.33333e+08,8.2e-07
mem0,4.44444e+06,8.2e-07
mem1,1e+07,8.2e-07
cpu0,2.22222e+08,8.3e-07
mem0,4.44444e+06,8.3e-07
mem1,5.55556e+06,8.3e-07
cpu0,2.22222e+08,8.4e-07
mem0,4.44444e+06,8.4e-07
mem1,5.55556e+06,8.4e-07
cpu0,2.22222e+08,8.5e-07
mem0,4.44444e+06,8.5e-07
mem1,5.55556e+06,8.5e-07
cpu0,2.22222e+08,8.6e-07
mem0,4.44444e+06,8.6e-07
mem1,5.55556e+06,8.6e-07
cpu0,2.77778e+08,8.7e-07
mem0,4.44444e+06,8.7e-07
mem1,7.22222e+06,8.7e-07
cpu0,2.22222e+08,8.8e-07
mem0,4.44444e+06,8.8e-07
mem1,5.55556e+06,8.8e-07
cpu0,2.22222e+08,8.9e-07
mem0,4.44444e+06,8.9e-07
mem1,5.55556e+06,8.9e-07
cpu0,2.22222e+08,9e-07
mem0,4.44444e+06,9e-07
mem1,5.55556e+06,9e-07
cpu0,2.22222e+08,9.1e-07
mem0,4.44444e+06,9.1e-07
mem1,5.55556e+06,9.1e-07
cpu0,2.77778e+08,9.2e-07
mem0,4.44444e+06,9.2e-07
mem1,7.22222e+06,9.2e-07
cpu0,2.22222e+08,9.3e-07
mem0,4.44444e+06,9.3e-07
mem1,5.55556e+06,9.3e-07
cpu0,2.22222e+08,9.4e-07
mem0,4.44444e+06,9.4e-07
mem1,5.55556e+06,9.4e-07
cpu0,2.22222e+08,9.5e-07
mem0,4.44444e+06,9.5e-07
mem1,5.55556e+06,9.5e-07
cpu0,2.22222e+08,9.6e-07
mem0,4.44444e+06,9.6e-07
mem1,5.55556e+06,9.6e-07
cpu0,2.77778e+08,9.7e-07
mem0,4.44444e+06,9.7e-07
mem1,7.22222e+06,9.7e-07
cpu0,2.22222e+08,9.8e-07
mem0,4.44444e+06,9.8e-07
mem1,5.55556e+06,9.8e-07
cpu0,2.22222e+08,9.9e-07
mem0,4.44444e+06,9.9e-07
mem1,5.55556e+06,9.9e-07
cpu0,2.22222e+08,1e-06
mem0,4.44444e+06,1e-06
mem1,5.55556e+06,1e-06
cpu0,2.22222e+08,1.01e-06
mem0,4.44444e+06,1.01e-06
mem1,5.55556e+06,1.01e-06
cpu0,2.77778e+08,1.02e-06
mem0,4.44444e+06,1.02e-06
mem1,7.22222e+06,1.02e-06
cpu0,2.22222e+08,1.03e-06
mem0,4.44444e+06,1.03e-06
mem1,5.55556e+06,1.03e-06
cpu0,2.22222e+08,1.04e-06
mem0,4.44444e+06,1.04e-06
mem1,5.55556e+06,1.04e-06
cpu0,2.22222e+08,1.05e-06
mem0,4.44444e+06,1.05e-06
mem1,5.55556e+06,1.05e-06
cpu0,2.22222e+08,1.06e-06
mem0,4.44444e+06,1.06e-06
mem1,5.55556e+06,1.06e-06
cpu0,2.77778e+08,1.07e-06
mem0,5.33333e+06,1.07e-06
mem1,5.55556e+06,1.07e-06
cpu0,2.22222e+08,1.08e-06
mem0,4.44444e+06,1.08e-06
mem1,5.55556e+06,1.08e-06
cpu0,2.22222e+08,1.09e-06
mem0,4.44444e+06,1.09e-06
mem1,5.55556e+06,1.09e-06
cpu0,2.22222e+08,1.1e-06
mem0,4.44444e+06,1.1e-06
mem1,5.55556e+06,1.1e-06
cpu0,2.22222e+08,1.11e-06
mem0,4.44444e+06,1.11e-06
mem1,5.55556e+06,1.11e-06
cpu0,3.33333e+08,1.12e-06
mem0,4.44444e+06,1.12e-06
mem1,4.445e+06,1.12e-06
cpu0,2.22222e+08,1.13e-06
mem0,4.44444e+06,1.13e-06
mem1,555.556,1.13e-06
cpu0,2.22222e+08,1.14e-06
mem0,4.44444e+06,1.14e-06
mem1,555.556,1.14e-06
cpu0,2.22222e+08,1.15e-06
mem0,4.44444e+06,1.15e-06
mem1,555.556,1.15e-06
cpu0,2.22222e+08,1.16e-06
mem0,4.44444e+06,1.16e-06
mem1,555.556,1.16e-06
cpu0,3.33333e+08,1.17e-06
mem0,4.44444e+06,1.17e-06
mem1,4.445e+06,1.17e-06
cpu0,2.22222e+08,1.18e-06
mem0,4.44444e+06,1.18e-06
mem1,555.556,1.18e-06
cpu0,2.22222e+08,1.19e-06
mem0,4.44444e+06,1.19e-06
mem1,555.556,1.19e-06
cpu0,2.22222e+08,1.2e-06
mem0,4.44444e+06,1.2e-06
mem1,555.556,1.2e-06
cpu0,2.22222e+08,1.21e-06
mem0,4.44444e+06,1.21e-06
mem1,555.556,1.21e-06
cpu0,2.77778e+08,1.22e-06
mem0,5.33333e+06,1.22e-06
mem1,555.556,1.22e-06
cpu0,2.22222e+08,1.23e-06
mem0,4.44444e+06,1.23e-06
mem1,555.556,1.23e-06
cpu0,2.22222e+08,1.24e-06
mem0,4.44444e+06,1.24e-06
mem1,555.556,1.24e-06
cpu0,2.22222e+08,1.25e-06
mem0,4.44444e+06,1.25e-06
mem1,555.556,1.25e-06
cpu0,2.22222e+08,1.26e-06
mem0,4.44444e+06,1.26e-06
mem1,555.556,1.26e-06
cpu0,1.22222e+08,1.27e-06
mem0,6.66667e+06,1.27e-06
mem1,555.556,1.27e-06
cpu0,1.11111e+07,1.28e-06
mem0,4.44444e+06,1.28e-06
mem1,555.556,1.28e-06
cpu0,1.11111e+07,1.29e-06
mem0,4.44444e+06,1.29e-06
mem1,555.556,1.29e-06
cpu0,1.11111e+07,1.3e-06
mem0,4.44444e+06,1.3e-06
mem1,555.556,1.3e-06
cpu0,1.11111e+07,1.31e-06
mem0,4.44444e+06,1.31e-06
mem1,555.556,1.31e-06
cpu0,6.66667e+07,1.32e-06
mem0,4.44444e+06,1.32e-06
mem1,1.66722e+06,1.32e-06
cpu0,1.11111e+07,1.33e-06
mem0,4.44444e+06,1.33e-06
mem1,555.556,1.33e-06
cpu0,1.11111e+07,1.34e-06
mem0,4.44444e+06,1.34e-06
mem1,555.556,1.34e-06
cpu0,1.11111e+07,1.35e-06
mem0,4.44444e+06,1.35e-06
mem1,555.556,1.35e-06
cpu0,1.11111e+07,1.36e-06
mem0,4.44444e+06,1.36e-06
mem1,555.556,1.36e-06
cpu0,1.22222e+08,1.37e-06
mem0,6.66667e+06,1.37e-06
mem1,555.556,1.37e-06
cpu0,1.11111e+07,1.38e-06
mem0,4.44444e+06,1.38e-06
mem1,555.556,1.38e-06
cpu0,1.11111e+07,1.39e-06
mem0,4.44444e+06,1.39e-06
mem1,555.556,1.39e-06
cpu0,1.11111e+07,1.4e-06
mem0,4.44444e+06,1.4e-06
mem1,555.556,1.4e-06
cpu0,1.11111e+07,1.41e-06
mem0,4.44444e+06,1.41e-06
mem1,555.556,1.41e-06
cpu0,6.66667e+07,1.42e-06
mem0,5.33333e+06,1.42e-06
mem1,555.556,1.42e-06
cpu0,1.11111e+07,1.43e-06
mem0,4.44444e+06,1.43e-06
mem1,555.556,1.43e-06
cpu0,1.11111e+07,1.44e-06
mem0,4.44444e+06,1.44e-06
mem1,555.556,1.44e-06
cpu0,1.11111e+07,1.45e-06
mem0,4.44444e+06,1.45e-06
mem1,555.556,1.45e-06
cpu0,1.11111e+07,1.46e-06
mem0,4.44444e+06,1.46e-06
mem1,555.556,1.46e-06
cpu0,3.33333e+08,1.47e-06
mem0,6.66667e+06,1.47e-06
mem1,555.556,1.47e-06
cpu0,2.22222e+08,1.48e-06
mem0,4.44444e+06,1.48e-06
mem1,555.556,1.48e-06
cpu0,2.22222e+08,1.49e-06
mem0,4.44444e+06,1.49e-06
mem1,555.556,1.49e-06
cpu0,2.22222e+08,1.5e-06
mem0,4.44444e+06,1.5e-06
mem1,555.556,1.5e-06
cpu0,2.22222e+08,1.51e-06
mem0,4.44444e+06,1.51e-06
mem1,555.556,1.51e-06
cpu0,2.77778e+08,1.52e-06
mem0,4.44444e+06,1.52e-06
mem1,1.66722e+06,1.52e-06
cpu0,2.22222e+08,1.53e-06
mem0,4.44444e+06,1.53e-06
mem1,555.556,1.53e-06
cpu0,2.22222e+08,1.54e-06
mem0,4.44444e+06,1.54e-06
mem1,555.556,1.54e-06
cpu0,2.22222e+08,1.55e-06
mem0,4.44444e+06,1.55e-06
mem1,555.556,1.55e-06
cpu0,2.22222e+08,1.56e-06
mem0,4.44444e+06,1.56e-06
mem1,555.556,1.56e-06
cpu0,3.33333e+08,1.57e-06
mem0,6.66667e+06,1.57e-06
mem1,555.556,1.57e-06
cpu0,2.22222e+08,1.58e-06
mem0,4.44444e+06,1.58e-06
mem1,555.556,1.58e-06
cpu0,2.22222e+08,1.59e-06
mem0,4.44444e+06,1.59e-06
mem1,555.556,1.59e-06
cpu0,2.22222e+08,1.6e-06
mem0,4.44444e+06,1.6e-06
mem1,555.556,1.6e-06
cpu0,2.22222e+08,1.61e-06
mem0,4.44444e+06,1.61e-06
mem1,555.556,1.61e-06
cpu0,2.77778e+08,1.62e-06
mem0,5.33333e+06,1.62e-06
mem1,555.556,1.62e-06
cpu0,2.22222e+08,1.63e-06
mem0,4.44444e+06,1.63e-06
mem1,555.556,1.63e-06
cpu0,2.22222e+08,1.64e-06
mem0,4.44444e+06,1.64e-06
mem1,555.556,1.64e-06
cpu0,2.22222e+08,1.65e-06
mem0,4.44444e+06,1.65e-06
mem1,555.556,1.65e-06
cpu0,2.22222e+08,1.66e-06
mem0,4.44444e+06,1.66e-06
mem1,555.556,1.66e-06
cpu0,3.33333e+08,1.67e-06
mem0,6.66667e+06,1.67e-06
mem1,555.556,1.67e-06
cpu0,2.22222e+08,1.68e-06
mem0,4.44444e+06,1.68e-06
mem1,555.556,1.68e-06
cpu0,2.22222e+08,1.69e-06
mem0,4.44444e+06,1.69e-06
mem1,555.556,1.69e-06
cpu0,2.22222e+08,1.7e-06
mem0,4.44444e+06,1.7e-06
mem1,555.556,1.7e-06
cpu0,2.22222e+08,1.71e-06
mem0,4.44444e+06,1.71e-06
mem1,555.556,1.71e-06
cpu0,3.33333e+08,1.72e-06
mem0,6.66667e+06,1.72e-06
mem1,555.556,1.72e-06
cpu0,2.22222e+08,1.73e-06
mem0,4.44444e+06,1.73e-06
mem1,555.556,1.73e-06
cpu0,2.22222e+08,1.74e-06
mem0,4.44444e+06,1.74e-06
mem1,555.556,1.74e-06
cpu0,2.22222e+08,1.75e-06
mem0,4.44444e+06,1.75e-06
mem1,555.556,1.75e-06
cpu0,2.22222e+08,1.76e-06
mem0,4.44444e+06,1.76e-06
mem1,555.556,1.76e-06
cpu0,2.77778e+08,1.77e-06
mem0,5.33333e+06,1.77e-06
mem1,555.556,1.77e-06
cpu0,2.22222e+08,1.78e-06
mem0,4.44444e+06,1.78e-06
mem1,555.556,1.78e-06
cpu0,2.22222e+08,1.79e-06
mem0,4.44444e+06,1.79e-06
mem1,555.556,1.79e-06
cpu0,2.22222e+08,1.8e-06
mem0,4.44444e+06,1.8e-06
mem1,555.556,1.8e-06
cpu0,2.22222e+08,1.81e-06
mem0,4.44444e+06,1.81e-06
mem1,555.556,1.81e-06
cpu0,2.77778e+08,1.82e-06
mem0,4.44444e+06,1.82e-06
mem1,1.66722e+06,1.82e-06
cpu0,2.22222e+08,1.83e-06
mem0,4.44444e+06,1.83e-06
mem1,555.556,1.83e-06
cpu0,2.22222e+08,1.84e-06
mem0,4.44444e+06,1.84e-06
mem1,555.556,1.84e-06
cpu0,2.22222e+08,1.85e-06
mem0,4.44444e+06,1.85e-06
mem1,555.556,1.85e-06
cpu0,2.22222e+08,1.86e-06
mem0,4.44444e+06,1.86e-06
mem1,555.556,1.86e-06
cpu0,3.33333e+08,1.87e-06
mem0,4.44444e+06,1.87e-06
mem1,4.445e+06,1.87e-06
cpu0,2.22222e+08,1.88e-06
mem0,4.44444e+06,1.88e-06
mem1,555.556,1.88e-06
cpu0,2.22222e+08,1.89e-06
mem0,4.44444e+06,1.89e-06
mem1,555.556,1.89e-06
cpu0,2.22222e+08,1.9e-06
mem0,4.44444e+06,1.9e-06
mem1,555.556,1.9e-06
cpu0,2.22222e+08,1.91e-06
mem0,4.44444e+06,1.91e-06
mem1,555.556,1.91e-06
cpu0,3.33333e+08,1.92e-06
mem0,6.66667e+06,1.92e-06
mem1,555.556,1.92e-06
cpu0,2.22222e+08,1.93e-06
mem0,4.44444e+06,1.93e-06
mem1,555.556,1.93e-06
cpu0,2.22222e+08,1.94e-06
mem0,4.44444e+06,1.94e-06
mem1,555.556,1.94e-06
cpu0,2.22222e+08,1.95e-06
mem0,4.44444e+06,1.95e-06
mem1,555.556,1.95e-06
cpu0,2.22222e+08,1.96e-06
mem0,4.44444e+06,1.96e-06
mem1,555.556,1.96e-06
cpu0,3.33333e+08,1.97e-06
mem0,6.66667e+06,1.97e-06
mem1,555.556,1.97e-06
cpu0,2.22222e+08,1.98e-06
mem0,4.44444e+06,1.98e-06
mem1,555.556,1.98e-06
cpu0,2.22222e+08,1.99e-06
mem0,4.44444e+06,1.99e-06
mem1,555.556,1.99e-06
cpu0,2.22222e+08,2e-06
mem0,4.44444e+06,2e-06
mem1,555.556,2e-06
cpu0,2.22222e+08,2.01e-06
mem0,4.44444e+06,2.01e-06
mem1,555.556,2.01e-06
cpu0,1.22222e+08,2.02e-06
mem0,4.44444e+06,2.02e-06
mem1,4.445e+06,2.02e-06
cpu0,1.11111e+07,2.03e-06
mem0,4.44444e+06,2.03e-06
mem1,555.556,2.03e-06
cpu0,1.11111e+07,2.04e-06
mem0,4.44444e+06,2.04e-06
mem1,555.556,2.04e-06
cpu0,1.11111e+07,2.05e-06
mem0,4.44444e+06,2.05e-06
mem1,555.556,2.05e-06
cpu0,1.11111e+07,2.06e-06
mem0,4.44444e+06,2.06e-06
mem1,555.556,2.06e-06
cpu0,1.22222e+08,2.07e-06
mem0,4.44444e+06,2.07e-06
mem1,4.445e+06,2.07e-06
cpu0,1.11111e+07,2.08e-06
mem0,4.44444e+06,2.08e-06
mem1,555.556,2.08e-06
cpu0,1.11111e+07,2.09e-06
mem0,4.44444e+06,2.09e-06
mem1,555.556,2.09e-06
cpu0,1.11111e+07,2.1e-06
mem0,4.44444e+06,2.1e-06
mem1,555.556,2.1e-06
cpu0,1.11111e+07,2.11e-06
mem0,4.44444e+06,2.11e-06
mem1,555.556,2.11e-06
cpu0,6.66667e+07,2.12e-06
mem0,4.44444e+06,2.12e-06
mem1,1.66722e+06,2.12e-06
cpu0,1.11111e+07,2.13e-06
mem0,4.44444e+06,2.13e-06
mem1,555.556,2.13e-06
cpu0,1.11111e+07,2.14e-06
mem0,4.44444e+06,2.14e-06
mem1,555.556,2.14e-06
cpu0,1.11111e+07,2.15e-06
mem0,4.44444e+06,2.15e-06
mem1,555.556,2.15e-06
cpu0,1.11111e+07,2.16e-06
mem0,4.44444e+06,2.16e-06
mem1,555.556,2.16e-06
cpu0,1.22222e+08,2.17e-06
mem0,4.44444e+06,2.17e-06
mem1,4.445e+06,2.17e-06
cpu0,1.11111e+07,2.18e-06
mem0,4.44444e+06,2.18e-06
mem1,555.556,2.18e-06
cpu0,1.11111e+07,2.19e-06
mem0,4.44444e+06,2.19e-06
mem1,555.556,2.19e-06
cpu0,1.11111e+07,2.2e-06
mem0,4.44444e+06,2.2e-06
mem1,555.556,2.2e-06
cpu0,1.11111e+07,2.21e-06
mem0,4.44444e+06,2.21e-06
mem1,555.556,2.21e-06
cpu0,1.22222e+08,2.22e-06
mem0,4.44444e+06,2.22e-06
mem1,4.445e+06,2.22e-06
cpu0,1.11111e+07,2.23e-06
mem0,4.44444e+06,2.23e-06
mem1,555.556,2.23e-06
cpu0,1.11111e+07,2.24e-06
mem0,4.44444e+06,2.24e-06
mem1,555.556,2.24e-06
cpu0,1.11111e+07,2.25e-06
mem0,4.44444e+06,2.25e-06
mem1,555.556,2.25e-06
cpu0,1.11111e+07,2.26e-06
mem0,4.44444e+06,2.26e-06
mem1,555.556,2.26e-06
cpu0,1.22222e+08,2.27e-06
mem0,6.66667e+06,2.27e-06
mem1,555.556,2.27e-06
cpu0,1.11111e+07,2.28e-06
mem0,4.44444e+06,2.28e-06
mem1,555.556,2.28e-06
cpu0,1.11111e+07,2.29e-06
mem0,4.44444e+06,2.29e-06
mem1,555.556,2.29e-06
cpu0,1.11111e+07,2.3e-06
mem0,4.44444e+06,2.3e-06
mem1,555.556,2.3e-06
cpu0,1.11111e+07,2.31e-06
mem0,4.44444e+06,2.31e-06
mem1,555.556,2.31e-06
cpu0,6.66667e+07,2.32e-06
mem0,4.44444e+06,2.32e-06
mem1,1.66722e+06,2.32e-06
cpu0,1.11111e+07,2.33e-06
mem0,4.44444e+06,2.33e-06
mem1,555.556,2.33e-06
cpu0,1.11111e+07,2.34e-06
mem0,4.44444e+06,2.34e-06
mem1,555.556,2.34e-06
cpu0,1.11111e+07,2.35e-06
mem0,4.44444e+06,2.35e-06
mem1,555.556,2.35e-06
cpu0,1.11111e+07,2.36e-06
mem0,4.44444e+06,2.36e-06
mem1,555.556,2.36e-06
cpu0,1.22222e+08,2.37e-06
mem0,4.44444e+06,2.37e-06
mem1,4.445e+06,2.37e-06
cpu0,1.11111e+07,2.38e-06
mem0,4.44444e+06,2.38e-06
mem1,555.556,2.38e-06
cpu0,1.11111e+07,2.39e-06
mem0,4.44444e+06,2.39e-06
mem1,555.556,2.39e-06
cpu0,1.11111e+07,2.4e-06
mem0,4.44444e+06,2.4e-06
mem1,555.556,2.4e-06
cpu0,1.11111e+07,2.41e-06
mem0,4.44444e+06,2.41e-06
mem1,555.556,2.41e-06
cpu0,1.22222e+08,2.42e-06
mem0,2.22233e+06,2.42e-06
mem1,555.556,2.42e-06
cpu0,1.11111e+07,2.43e-06
mem0,111.111,2.43e-06
mem1,555.556,2.43e-06
cpu0,1.11111e+07,2.44e-06
mem0,111.111,2.44e-06
mem1,555.556,2.44e-06
cpu0,1.11111e+07,2.45e-06
mem0,111.111,2.45e-06
mem1,555.556,2.45e-06
cpu0,1.11111e+07,2.46e-06
mem0,111.111,2.46e-06
mem1,555.556,2.46e-06
cpu0,1.22222e+08,2.47e-06
mem0,2.22233e+06,2.47e-06
mem1,555.556,2.47e-06
cpu0,1.11111e+07,2.48e-06
mem0,111.111,2.48e-06
mem1,555.556,2.48e-06
cpu0,1.11111e+07,2.49e-06
mem0,111.111,2.49e-06
mem1,555.556,2.49e-06
cpu0,1.11111e+07,2.5e-06
mem0,111.111,2.5e-06
mem1,555.556,2.5e-06
cpu0,1.11111e+07,2.51e-06
mem0,111.111,2.51e-06
mem1,555.556,2.51e-06
cpu0,1.22222e+08,2.52e-06
mem0,6.66667e+06,2.52e-06
mem1,555.556,2.52e-06
cpu0,1.11111e+07,2.53e-06
mem0,4.44444e+06,2.53e-06
mem1,555.556,2.53e-06
cpu0,1.11111e+07,2.54e-06
mem0,4.44444e+06,2.54e-06
mem1,555.556,2.54e-06
cpu0,1.11111e+07,2.55e-06
mem0,4.44444e+06,2.55e-06
mem1,555.556,2.55e-06
cpu0,1.11111e+07,2.56e-06
mem0,4.44444e+06,2.56e-06
mem1,555.556,2.56e-06
cpu0,1.22222e+08,2.57e-06
mem0,6.66667e+06,2.57e-06
mem1,555.556,2.57e-06
cpu0,1.11111e+07,2.58e-06
mem0,4.44444e+06,2.58e-06
mem1,555.556,2.58e-06
cpu0,1.11111e+07,2.59e-06
mem0,4.44444e+06,2.59e-06
mem1,555.556,2.59e-06
cpu0,1.11111e+07,2.6e-06
mem0,4.44444e+06,2.6e-06
mem1,555.556,2.6e-06
cpu0,1.11111e+07,2.61e-06
mem0,4.44444e+06,2.61e-06
mem1,555.556,2.61e-06
cpu0,6.66667e+07,2.62e-06
mem0,4.44444e+06,2.62e-06
mem1,1.66722e+06,2.62e-06
cpu0,1.11111e+07,2.63e-06
mem0,4.44444e+06,2.63e-06
mem1,555.556,2.63e-06
cpu0,1.11111e+07,2.64e-06
mem0,4.44444e+06,2.64e-06
mem1,555.556,2.64e-06
cpu0,1.11111e+07,2.65e-06
mem0,4.44444e+06,2.65e-06
mem1,555.556,2.65e-06
cpu0,1.11111e+07,2.66e-06
mem0,4.44444e+06,2.66e-06
mem1,555.556,2.66e-06
cpu0,6.66667e+07,2.67e-06
mem0,5.33333e+06,2.67e-06
mem1,555.556,2.67e-06
cpu0,1.11111e+07,2.68e-06
mem0,4.44444e+06,2.68e-06
mem1,555.556,2.68e-06
cpu0,1.11111e+07,2.69e-06
mem0,4.44444e+06,2.69e-06
mem1,555.556,2.69e-06
cpu0,1.11111e+07,2.7e-06
mem0,4.44444e+06,2.7e-06
mem1,555.556,2.7e-06
cpu0,1.11111e+07,2.71e-06
mem0,4.44444e+06,2.71e-06
mem1,555.556,2.71e-06
cpu0,6.66667e+07,2.72e-06
mem0,4.44444e+06,2.72e-06
mem1,1.66722e+06,2.72e-06
cpu0,1.11111e+07,2.73e-06
mem0,4.44444e+06,2.73e-06
mem1,555.556,2.73e-06
cpu0,1.11111e+07,2.74e-06
mem0,4.44444e+06,2.74e-06
mem1,555.556,2.74e-06
cpu0,1.11111e+07,2.75e-06
mem0,4.44444e+06,2.75e-06
mem1,555.556,2.75e-06
cpu0,1.11111e+07,2.76e-06
mem0,4.44444e+06,2.76e-06
mem1,555.556,2.76e-06
cpu0,6.66667e+07,2.77e-06
mem0,4.44444e+06,2.77e-06
mem1,1.66722e+06,2.77e-06
cpu0,1.11111e+07,2.78e-06
mem0,4.44444e+06,2.78e-06
mem1,555.556,2.78e-06
cpu0,1.11111e+07,2.79e-06
mem0,4.44444e+06,2.79e-06
mem1,555.556,2.79e-06
cpu0,1.11111e+07,2.8e-06
mem0,4.44444e+06,2.8e-06
mem1,555.556,2.8e-06
cpu0,1.11111e+07,2.81e-06
mem0,4.44444e+06,2.81e-06
mem1,555.556,2.81e-06
cpu0,1.22222e+08,2.82e-06
mem0,4.44444e+06,2.82e-06
mem1,4.445e+06,2.82e-06
cpu0,1.11111e+07,2.83e-06
mem0,4.44444e+06,2.83e-06
mem1,555.556,2.83e-06
cpu0,1.11111e+07,2.84e-06
mem0,4.44444e+06,2.84e-06
mem1,555.556,2.84e-06
cpu0,1.11111e+07,2.85e-06
mem0,4.44444e+06,2.85e-06
mem1,555.556,2.85e-06
cpu0,1.11111e+07,2.86e-06
mem0,4.44444e+06,2.86e-06
mem1,555.556,2.86e-06
cpu0,6.66667e+07,2.87e-06
mem0,4.44444e+06,2.87e-06
mem1,1.66722e+06,2.87e-06
cpu0,1.11111e+07,2.88e-06
mem0,4.44444e+06,2.88e-06
mem1,555.556,2.88e-06
cpu0,1.11111e+07,2.89e-06
mem0,4.44444e+06,2.89e-06
mem1,555.556,2.89e-06
cpu0,1.11111e+07,2.9e-06
mem0,4.44444e+06,2.9e-06
mem1,555.556,2.9e-06
cpu0,1.11111e+07,2.91e-06
mem0,4.44444e+06,2.91e-06
mem1,555.556,2.91e-06
cpu0,6.66667e+07,2.92e-06
mem0,5.33333e+06,2.92e-06
mem1,555.556,2.92e-06
cpu0,1.11111e+07,2.93e-06
mem0,4.44444e+06,2.93e-06
mem1,555.556,2.93e-06
cpu0,1.11111e+07,2.94e-06
mem0,4.44444e+06,2.94e-06
mem1,555.556,2.94e-06
cpu0,1.11111e+07,2.95e-06
mem0,4.44444e+06,2.95e-06
mem1,555.556,2.95e-06
cpu0,1.11111e+07,2.96e-06
mem0,4.44444e+06,2.96e-06
mem1,555.556,2.96e-06
cpu0,1.22222e+08,2.97e-06
mem0,4.44444e+06,2.97e-06
mem1,4.445e+06,2.97e-06
cpu0,1.11111e+07,2.98e-06
mem0,4.44444e+06,2.98e-06
mem1,555.556,2.98e-06
cpu0,1.11111e+07,2.99e-06
mem0,4.44444e+06,2.99e-06
mem1,555.556,2.99e-06
cpu0,1.11111e+07,3e-06
mem0,4.44444e+06,3e-06
mem1,555.556,3e-06
cpu0,1.11111e+07,3.01e-06
mem0,4.44444e+06,3.01e-06
mem1,555.556,3.01e-06
cpu0,1.22222e+08,3.02e-06
mem0,6.66667e+06,3.02e-06
mem1,555.556,3.02e-06
cpu0,1.11111e+07,3.03e-06
mem0,4.44444e+06,3.03e-06
mem1,555.556,3.03e-06
cpu0,1.11111e+07,3.04e-06
mem0,4.44444e+06,3.04e-06
mem1,555.556,3.04e-06
cpu0,1.11111e+07,3.05e-06
mem0,4.44444e+06,3.05e-06
mem1,555.556,3.05e-06
cpu0,1.11111e+07,3.06e-06
mem0,4.44444e+06,3.06e-06
mem1,555.556,3.06e-06
cpu0,3.33333e+08,3.07e-06
mem0,4.44444e+06,3.07e-06
mem1,4.445e+06,3.07e-06
cpu0,2.22222e+08,3.08e-06
mem0,4.44444e+06,3.08e-06
mem1,555.556,3.08e-06
cpu0,2.22222e+08,3.09e-06
mem0,4.44444e+06,3.09e-06
mem1,555.556,3.09e-06
cpu0,2.22222e+08,3.1e-06
mem0,4.44444e+06,3.1e-06
mem1,555.556,3.1e-06
cpu0,2.22222e+08,3.11e-06
mem0,4.44444e+06,3.11e-06
mem1,555.556,3.11e-06
cpu0,2.77778e+08,3.12e-06
mem0,4.44444e+06,3.12e-06
mem1,1.66722e+06,3.12e-06
cpu0,2.22222e+08,3.13e-06
mem0,4.44444e+06,3.13e-06
mem1,555.556,3.13e-06
cpu0,2.22222e+08,3.14e-06
mem0,4.44444e+06,3.14e-06
mem1,555.556,3.14e-06
cpu0,2.22222e+08,3.15e-06
mem0,4.44444e+06,3.15e-06
mem1,555.556,3.15e-06
cpu0,2.22222e+08,3.16e-06
mem0,4.44444e+06,3.16e-06
mem1,555.556,3.16e-06
cpu0,2.77778e+08,3.17e-06
mem0,5.33333e+06,3.17e-06
mem1,555.556,3.17e-06
cpu0,2.22222e+08,3.18e-06
mem0,4.44444e+06,3.18e-06
mem1,555.556,3.18e-06
cpu0,2.22222e+08,3.19e-06
mem0,4.44444e+06,3.19e-06
mem1,555.556,3.19e-06
cpu0,2.22222e+08,3.2e-06
mem0,4.44444e+06,3.2e-06
mem1,555.556,3.2e-06
cpu0,2.22222e+08,3.21e-06
mem0,4.44444e+06,3.21e-06
mem1,555.556,3.21e-06
cpu0,3.33333e+08,3.22e-06
mem0,6.66667e+06,3.22e-06
mem1,555.556,3.22e-06
cpu0,2.22222e+08,3.23e-06
mem0,4.44444e+06,3.23e-06
mem1,555.556,3.23e-06
cpu0,2.22222e+08,3.24e-06
mem0,4.44444e+06,3.24e-06
mem1,555.556,3.24e-06
cpu0,2.22222e+08,3.25e-06
mem0,4.44444e+06,3.25e-06
mem1,555.556,3.25e-06
cpu0,2.22222e+08,3.26e-06
mem0,4.44444e+06,3.26e-06
mem1,555.556,3.26e-06
cpu0,2.77778e+08,3.27e-06
mem0,5.33333e+06,3.27e-06
mem1,555.556,3.27e-06
cpu0,2.22222e+08,3.28e-06
mem0,4.44444e+06,3.28e-06
mem1,555.556,3.28e-06
cpu0,2.22222e+08,3.29e-06
mem0,4.44444e+06,3.29e-06
mem1,555.556,3.29e-06
cpu0,2.22222e+08,3.3e-06
mem0,4.44444e+06,3.3e-06
mem1,555.556,3.3e-06
cpu0,2.22222e+08,3.31e-06
mem0,4.44444e+06,3.31e-06
mem1,555.556,3.31e-06
cpu0,3.33333e+08,3.32e-06
mem0,4.44444e+06,3.32e-06
mem1,4.445e+06,3.32e-06
cpu0,2.22222e+08,3.33e-06
mem0,4.44444e+06,3.33e-06
mem1,555.556,3.33e-06
cpu0,2.22222e+08,3.34e-06
mem0,4.44444e+06,3.34e-06
mem1,555.556,3.34e-06
cpu0,2.22222e+08,3.35e-06
mem0,4.44444e+06,3.35e-06
mem1,555.556,3.35e-06
cpu0,2.22222e+08,3.36e-06
mem0,4.44444e+06,3.36e-06
mem1,555.556,3.36e-06
cpu0,2.77778e+08,3.37e-06
mem0,4.44444e+06,3.37e-06
mem1,1.66722e+06,3.37e-06
cpu0,2.22222e+08,3.38e-06
mem0,4.44444e+06,3.38e-06
mem1,555.556,3.38e-06
cpu0,2.22222e+08,3.39e-06
mem0,4.44444e+06,3.39e-06
mem1,555.556,3.39e-06
cpu0,2.22222e+08,3.4e-06
mem0,4.44444e+06,3.4e-06
mem1,555.556,3.4e-06
cpu0,2.22222e+08,3.41e-06
mem0,4.44444e+06,3.41e-06
mem1,555.556,3.41e-06
cpu0,2.77778e+08,3.42e-06
mem0,5.33333e+06,3.42e-06
mem1,555.556,3.42e-06
cpu0,2.22222e+08,3.43e-06
mem0,4.44444e+06,3.43e-06
mem1,555.556,3.43e-06
cpu0,2.22222e+08,3.44e-06
mem0,4.44444e+06,3.44e-06
mem1,555.556,3.44e-06
cpu0,2.22222e+08,3.45e-06
mem0,4.44444e+06,3.45e-06
mem1,555.556,3.45e-06
cpu0,2.22222e+08,3.46e-06
mem0,4.44444e+06,3.46e-06
mem1,555.556,3.46e-06
cpu0,3.33333e+08,3.47e-06
mem0,6.66667e+06,3.47e-06
mem1,555.556,3.47e-06
cpu0,2.22222e+08,3.48e-06
mem0,4.44444e+06,3.48e-06
mem1,555.556,3.48e-06
cpu0,2.22222e+08,3.49e-06
mem0,4.44444e+06,3.49e-06
mem1,555.556,3.49e-06
cpu0,2.22222e+08,3.5e-06
mem0,4.44444e+06,3.5e-06
mem1,555.556,3.5e-06
cpu0,2.22222e+08,3.51e-06
mem0,4.44444e+06,3.51e-06
mem1,555.556,3.51e-06
cpu0,3.33333e+08,3.52e-06
mem0,6.66667e+06,3.52e-06
mem1,555.556,3.52e-06
cpu0,2.22222e+08,3.53e-06
mem0,4.44444e+06,3.53e-06
mem1,555.556,3.53e-06
cpu0,2.22222e+08,3.54e-06
mem0,4.44444e+06,3.54e-06
mem1,555.556,3.54e-06
cpu0,2.22222e+08,3.55e-06
mem0,4.44444e+06,3.55e-06
mem1,555.556,3.55e-06
cpu0,2.22222e+08,3.56e-06
mem0,4.44444e+06,3.56e-06
mem1,555.556,3.56e-06
cpu0,3.33333e+08,3.57e-06
mem0,4.44444e+06,3.57e-06
mem1,1e+07,3.57e-06
cpu0,2.22222e+08,3.58e-06
mem0,4.44444e+06,3.58e-06
mem1,5.55556e+06,3.58e-06
cpu0,2.22222e+08,3.59e-06
mem0,4.44444e+06,3.59e-06
mem1,5.55556e+06,3.59e-06
cpu0,2.22222e+08,3.6e-06
mem0,4.44444e+06,3.6e-06
mem1,5.55556e+06,3.6e-06
cpu0,2.22222e+08,3.61e-06
mem0,4.44444e+06,3.61e-06
mem1,5.55556e+06,3.61e-06
cpu0,2.77778e+08,3.62e-06
mem0,5.33333e+06,3.62e-06
mem1,5.55556e+06,3.62e-06
cpu0,2.22222e+08,3.63e-06
mem0,4.44444e+06,3.63e-06
mem1,5.55556e+06,3.63e-06
cpu0,2.22222e+08,3.64e-06
mem0,4.44444e+06,3.64e-06
mem1,5.55556e+06,3.64e-06
cpu0,2.22222e+08,3.65e-06
mem0,4.44444e+06,3.65e-06
mem1,5.55556e+06,3.65e-06
cpu0,2.22222e+08,3.66e-06
mem0,4.44444e+06,3.66e-06
mem1,5.55556e+06,3.66e-06
cpu0,1.22222e+08,3.67e-06
mem0,6.66667e+06,3.67e-06
mem1,5.55556e+06,3.67e-06
cpu0,1.11111e+07,3.68e-06
mem0,4.44444e+06,3.68e-06
mem1,5.55556e+06,3.68e-06
cpu0,1.11111e+07,3.69e-06
mem0,4.44444e+06,3.69e-06
mem1,5.55556e+06,3.69e-06
cpu0,1.11111e+07,3.7e-06
mem0,4.44444e+06,3.7e-06
mem1,5.55556e+06,3.7e-06
cpu0,1.11111e+07,3.71e-06
mem0,4.44444e+06,3.71e-06
mem1,5.55556e+06,3.71e-06
cpu0,6.66667e+07,3.72e-06
mem0,5.33333e+06,3.72e-06
mem1,5.55556e+06,3.72e-06
cpu0,1.11111e+07,3.73e-06
mem0,4.44444e+06,3.73e-06
mem1,5.55556e+06,3.73e-06
cpu0,1.11111e+07,3.74e-06
mem0,4.44444e+06,3.74e-06
mem1,5.55556e+06,3.74e-06
cpu0,1.11111e+07,3.75e-06
mem0,4.44444e+06,3.75e-06
mem1,5.55556e+06,3.75e-06
cpu0,1.11111e+07,3.76e-06
mem0,4.44444e+06,3.76e-06
mem1,5.55556e+06,3.76e-06
cpu0,6.66667e+07,3.77e-06
mem0,4.44444e+06,3.77e-06
mem1,7.22222e+06,3.77e-06
cpu0,1.11111e+07,3.78e-06
mem0,4.44444e+06,3.78e-06
mem1,5.55556e+06,3.78e-06
cpu0,1.11111e+07,3.79e-06
mem0,4.44444e+06,3.79e-06
mem1,5.55556e+06,3.79e-06
cpu0,1.11111e+07,3.8e-06
mem0,4.44444e+06,3.8e-06
mem1,5.55556e+06,3.8e-06
cpu0,1.11111e+07,3.81e-06
mem0,4.44444e+06,3.81e-06
mem1,5.55556e+06,3.81e-06
cpu0,1.22222e+08,3.82e-06
mem0,4.44444e+06,3.82e-06
mem1,4.445e+06,3.82e-06
cpu0,1.11111e+07,3.83e-06
mem0,4.44444e+06,3.83e-06
mem1,555.556,3.83e-06
cpu0,1.11111e+07,3.84e-06
mem0,4.44444e+06,3.84e-06
mem1,555.556,3.84e-06
cpu0,1.11111e+07,3.85e-06
mem0,4.44444e+06,3.85e-06
mem1,555.556,3.85e-06
cpu0,1.11111e+07,3.86e-06
mem0,4.44444e+06,3.86e-06
mem1,555.556,3.86e-06
cpu0,1.22222e+08,3.87e-06
mem0,4.44444e+06,3.87e-06
mem1,4.445e+06,3.87e-06
cpu0,1.11111e+07,3.88e-06
mem0,4.44444e+06,3.88e-06
mem1,555.556,3.88e-06
cpu0,1.11111e+07,3.89e-06
mem0,4.44444e+06,3.89e-06
mem1,555.556,3.89e-06
cpu0,1.11111e+07,3.9e-06
mem0,4.44444e+06,3.9e-06
mem1,555.556,3.9e-06
cpu0,1.11111e+07,3.91e-06
mem0,4.44444e+06,3.91e-06
mem1,555.556,3.91e-06
cpu0,1.22222e+08,3.92e-06
mem0,4.44444e+06,3.92e-06
mem1,4.445e+06,3.92e-06
cpu0,1.11111e+07,3.93e-06
mem0,4.44444e+06,3.93e-06
mem1,555.556,3.93e-06
cpu0,1.11111e+07,3.94e-06
mem0,4.44444e+06,3.94e-06
mem1,555.556,3.94e-06
cpu0,1.11111e+07,3.95e-06
mem0,4.44444e+06,3.95e-06
mem1,555.556,3.95e-06
cpu0,1.11111e+07,3.96e-06
mem0,4.44444e+06,3.96e-06
mem1,555.556,3.96e-06
cpu0,1.22222e+08,3.97e-06
mem0,4.44444e+06,3.97e-06
mem1,4.445e+06,3.97e-06
cpu0,1.11111e+07,3.98e-06
mem0,4.44444e+06,3.98e-06
mem1,555.556,3.98e-06
cpu0,1.11111e+07,3.99e-06
mem0,4.44444e+06,3.99e-06
mem1,555.556,3.99e-06
cpu0,1.11111e+07,4e-06
mem0,4.44444e+06,4e-06
mem1,555.556,4e-06
cpu0,1.11111e+07,4.01e-06
mem0,4.44444e+06,4.01e-06
mem1,555.556,4.01e-06
cpu0,1.22222e+08,4.02e-06
mem0,4.44444e+06,4.02e-06
mem1,4.445e+06,4.02e-06
cpu0,1.11111e+07,4.03e-06
mem0,4.44444e+06,4.03e-06
mem1,555.556,4.03e-06
cpu0,1.11111e+07,4.04e-06
mem0,4.44444e+06,4.04e-06
mem1,555.556,4.04e-06
cpu0,1.11111e+07,4.05e-06
mem0,4.44444e+06,4.05e-06
mem1,555.556,4.05e-06
cpu0,1.11111e+07,4.06e-06
mem0,4.44444e+06,4.06e-06
mem1,555.556,4.06e-06
cpu0,6.66667e+07,4.07e-06
mem0,4.44444e+06,4.07e-06
mem1,1.66722e+06,4.07e-06
cpu0,1.11111e+07,4.08e-06
mem0,4.44444e+06,4.08e-06
mem1,555.556,4.08e-06
cpu0,1.11111e+07,4.09e-06
mem0,4.44444e+06,4.09e-06
mem1,555.556,4.09e-06
cpu0,1.11111e+07,4.1e-06
mem0,4.44444e+06,4.1e-06
mem1,555.556,4.1e-06
cpu0,1.11111e+07,4.11e-06
mem0,4.44444e+06,4.11e-06
mem1,555.556,4.11e-06
cpu0,6.66667e+07,4.12e-06
mem0,5.33333e+06,4.12e-06
mem1,555.556,4.12e-06
cpu0,1.11111e+07,4.13e-06
mem0,4.44444e+06,4.13e-06
mem1,555.556,4.13e-06
cpu0,1.11111e+07,4.14e-06
mem0,4.44444e+06,4.14e-06
mem1,555.556,4.14e-06
cpu0,1.11111e+07,4.15e-06
mem0,4.44444e+06,4.15e-06
mem1,555.556,4.15e-06
cpu0,1.11111e+07,4.16e-06
mem0,4.44444e+06,4.16e-06
mem1,555.556,4.16e-06
cpu0,1.22222e+08,4.17e-06
mem0,6.66667e+06,4.17e-06
mem1,555.556,4.17e-06
cpu0,1.11111e+07,4.18e-06
mem0,4.44444e+06,4.18e-06
mem1,555.556,4.18e-06
cpu0,1.11111e+07,4.19e-06
mem0,4.44444e+06,4.19e-06
mem1,555.556,4.19e-06
cpu0,1.11111e+07,4.2e-06
mem0,4.44444e+06,4.2e-06
mem1,555.556,4.2e-06
cpu0,1.11111e+07,4.21e-06
mem0,4.44444e+06,4.21e-06
mem1,555.556,4.21e-06
cpu0,6.66667e+07,4.22e-06
mem0,4.44444e+06,4.22e-06
mem1,1.66722e+06,4.22e-06
cpu0,1.11111e+07,4.23e-06
mem0,4.44444e+06,4.23e-06
mem1,555.556,4.23e-06
cpu0,1.11111e+07,4.24e-06
mem0,4.44444e+06,4.24e-06
mem1,555.556,4.24e-06
cpu0,1.11111e+07,4.25e-06
mem0,4.44444e+06,4.25e-06
mem1,555.556,4.25e-06
cpu0,1.11111e+07,4.26e-06
mem0,4.44444e+06,4.26e-06
mem1,555.556,4.26e-06
cpu0,1.22222e+08,4.27e-06
mem0,6.66667e+06,4.27e-06
mem1,555.556,4.27e-06
cpu0,1.11111e+07,4.28e-06
mem0,4.44444e+06,4.28e-06
mem1,555.556,4.28e-06
cpu0,1.11111e+07,4.29e-06
mem0,4.44444e+06,4.29e-06
mem1,555.556,4.29e-06
cpu0,1.11111e+07,4.3e-06
mem0,4.44444e+06,4.3e-06
mem1,555.556,4.3e-06
cpu0,1.11111e+07,4.31e-06
mem0,4.44444e+06,4.31e-06
mem1,555.556,4.31e-06
cpu0,6.66667e+07,4.32e-06
mem0,4.44444e+06,4.32e-06
mem1,1.66722e+06,4.32e-06
cpu0,1.11111e+07,4.33e-06
mem0,4.44444e+06,4.33e-06
mem1,555.556,4.33e-06
cpu0,1.11111e+07,4.34e-06
mem0,4.44444e+06,4.34e-06
mem1,555.556,4.34e-06
cpu0,1.11111e+07,4.35e-06
mem0,4.44444e+06,4.35e-06
mem1,555.556,4.35e-06
cpu0,1.11111e+07,4.36e-06
mem0,4.44444e+06,4.36e-06
mem1,555.556,4.36e-06
cpu0,6.66667e+07,4.37e-06
mem0,4.44444e+06,4.37e-06
mem1,1.66722e+06,4.37e-06
cpu0,1.11111e+07,4.38e-06
mem0,4.44444e+06,4.38e-06
mem1,555.556,4.38e-06
cpu0,1.11111e+07,4.39e-06
mem0,4.44444e+06,4.39e-06
mem1,555.556,4.39e-06
cpu0,1.11111e+07,4.4e-06
mem0,4.44444e+06,4.4e-06
mem1,555.556,4.4e-06
cpu0,1.11111e+07,4.41e-06
mem0,4.44444e+06,4.41e-06
mem1,555.556,4.41e-06
cpu0,1.22222e+08,4.42e-06
mem0,4.44444e+06,4.42e-06
mem1,4.445e+06,4.42e-06
cpu0,1.11111e+07,4.43e-06
mem0,4.44444e+06,4.43e-06
mem1,555.556,4.43e-06
cpu0,1.11111e+07,4.44e-06
mem0,4.44444e+06,4.44e-06
mem1,555.556,4.44e-06
cpu0,1.11111e+07,4.45e-06
mem0,4.44444e+06,4.45e-06
mem1,555.556,4.45e-06
cpu0,1.11111e+07,4.46e-06
mem0,4.44444e+06,4.46e-06
mem1,555.556,4.46e-06
cpu0,1.22222e+08,4.47e-06
mem0,4.44444e+06,4.47e-06
mem1,4.445e+06,4.47e-06
cpu0,1.11111e+07,4.48e-06
mem0,4.44444e+06,4.48e-06
mem1,555.556,4.48e-06
cpu0,1.11111e+07,4.49e-06
mem0,4.44444e+06,4.49e-06
mem1,555.556,4.49e-06
cpu0,1.11111e+07,4.5e-06
mem0,4.44444e+06,4.5e-06
mem1,555.556,4.5e-06
cpu0,1.11111e+07,4.51e-06
mem0,4.44444e+06,4.51e-06
mem1,555.556,4.51e-06
cpu0,1.22222e+08,4.52e-06
mem0,4.44444e+06,4.52e-06
mem1,4.445e+06,4.52e-06
cpu0,1.11111e+07,4.53e-06
mem0,4.44444e+06,4.53e-06
mem1,555.556,4.53e-06
cpu0,1.11111e+07,4.54e-06
mem0,4.44444e+06,4.54e-06
mem1,555.556,4.54e-06
cpu0,1.11111e+07,4.55e-06
mem0,4.44444e+06,4.55e-06
mem1,555.556,4.55e-06
cpu0,1.11111e+07,4.56e-06
mem0,4.44444e+06,4.56e-06
mem1,555.556,4.56e-06
cpu0,1.22222e+08,4.57e-06
mem0,4.44444e+06,4.57e-06
mem1,4.445e+06,4.57e-06
cpu0,1.11111e+07,4.58e-06
mem0,4.44444e+06,4.58e-06
mem1,555.556,4.58e-06
cpu0,1.11111e+07,4.59e-06
mem0,4.44444e+06,4.59e-06
mem1,555.556,4.59e-06
cpu0,1.11111e+07,4.6e-06
mem0,4.44444e+06,4.6e-06
mem1,555.556,4.6e-06
cpu0,1.11111e+07,4.61e-06
mem0,4.44444e+06,4.61e-06
mem1,555.556,4.61e-06
cpu0,1.22222e+08,4.62e-06
mem0,4.44444e+06,4.62e-06
mem1,4.445e+06,4.62e-06
cpu0,1.11111e+07,4.63e-06
mem0,4.44444e+06,4.63e-06
mem1,555.556,4.63e-06
cpu0,1.11111e+07,4.64e-06
mem0,4.44444e+06,4.64e-06
mem1,555.556,4.64e-06
cpu0,1.11111e+07,4.65e-06
mem0,4.44444e+06,4.65e-06
mem1,555.556,4.65e-06
cpu0,1.11111e+07,4.66e-06
mem0,4.44444e+06,4.66e-06
mem1,555.556,4.66e-06
cpu0,6.66667e+07,4.67e-06
mem0,5.33333e+06,4.67e-06
mem1,555.556,4.67e-06
cpu0,1.11111e+07,4.68e-06
mem0,4.44444e+06,4.68e-06
mem1,555.556,4.68e-06
cpu0,1.11111e+07,4.69e-06
mem0,4.44444e+06,4.69e-06
mem1,555.556,4.69e-06
cpu0,1.11111e+07,4.7e-06
mem0,4.44444e+06,4.7e-06
mem1,555.556,4.7e-06
cpu0,1.11111e+07,4.71e-06
mem0,4.44444e+06,4.71e-06
mem1,555.556,4.71e-06
cpu0,6.66667e+07,4.72e-06
mem0,5.33333e+06,4.72e-06
mem1,555.556,4.72e-06
cpu0,1.11111e+07,4.73e-06
mem0,4.44444e+06,4.73e-06
mem1,555.556,4.73e-06
cpu0,1.11111e+07,4.74e-06
mem0,4.44444e+06,4.74e-06
mem1,555.556,4.74e-06
cpu0,1.11111e+07,4.75e-06
mem0,4.44444e+06,4.75e-06
mem1,555.556,4.75e-06
cpu0,1.11111e+07,4.76e-06
mem0,4.44444e+06,4.76e-06
mem1,555.556,4.76e-06
cpu0,6.66667e+07,4.77e-06
mem0,5.33333e+06,4.77e-06
mem1,555.556,4.77e-06
cpu0,1.11111e+07,4.78e-06
mem0,4.44444e+06,4.78e-06
mem1,555.556,4.78e-06
cpu0,1.11111e+07,4.79e-06
mem0,4.44444e+06,4.79e-06
mem1,555.556,4.79e-06
cpu0,1.11111e+07,4.8e-06
mem0,4.44444e+06,4.8e-06
mem1,555.556,4.8e-06
cpu0,1.11111e+07,4.81e-06
mem0,4.44444e+06,4.81e-06
mem1,555.556,4.81e-06
cpu0,6.66667e+07,4.82e-06
mem0,5.33333e+06,4.82e-06
mem1,555.556,4.82e-06
cpu0,1.11111e+07,4.83e-06
mem0,4.44444e+06,4.83e-06
mem1,555.556,4.83e-06
cpu0,1.11111e+07,4.84e-06
mem0,4.44444e+06,4.84e-06
mem1,555.556,4.84e-06
cpu0,1.11111e+07,4.85e-06
mem0,4.44444e+06,4.85e-06
mem1,555.556,4.85e-06
cpu0,1.11111e+07,4.86e-06
mem0,4.44444e+06,4.86e-06
mem1,555.556,4.86e-06
cpu0,1.22222e+08,4.87e-06
mem0,2.22233e+06,4.87e-06
mem1,555.556,4.87e-06
cpu0,1.11111e+07,4.88e-06
mem0,111.111,4.88e-06
mem1,555.556,4.88e-06
cpu0,1.11111e+07,4.89e-06
mem0,111.111,4.89e-06
mem1,555.556,4.89e-06
cpu0,1.11111e+07,4.9e-06
mem0,111.111,4.9e-06
mem1,555.556,4.9e-06
cpu0,1.11111e+07,4.91e-06
mem0,111.111,4.91e-06
mem1,555.556,4.91e-06
cpu0,1.22222e+08,4.92e-06
mem0,111.111,4.92e-06
mem1,4.445e+06,4.92e-06
cpu0,1.11111e+07,4.93e-06
mem0,111.111,4.93e-06
mem1,555.556,4.93e-06
cpu0,1.11111e+07,4.94e-06
mem0,111.111,4.94e-06
mem1,555.556,4.94e-06
cpu0,1.11111e+07,4.95e-06
mem0,111.111,4.95e-06
mem1,555.556,4.95e-06
cpu0,1.11111e+07,4.96e-06
mem0,111.111,4.96e-06
mem1,555.556,4.96e-06
cpu0,6.66667e+07,4.97e-06
mem0,111.111,4.97e-06
mem1,1.66722e+06,4.97e-06
cpu0,1.11111e+07,4.98e-06
mem0,111.111,4.98e-06
mem1,555.556,4.98e-06
cpu0,1.11111e+07,4.99e-06
mem0,111.111,4.99e-06
mem1,555.556,4.99e-06
cpu0,1.11111e+07,5e-06
mem0,111.111,5e-06
mem1,555.556,5e-06
cpu0,1.11111e+07,5.01e-06
mem0,111.111,5.01e-06
mem1,555.556,5.01e-06
cpu0,1.22222e+08,5.02e-06
mem0,111.111,5.02e-06
mem1,4.445e+06,5.02e-06
cpu0,1.11111e+07,5.03e-06
mem0,111.111,5.03e-06
mem1,555.556,5.03e-06
cpu0,1.11111e+07,5.04e-06
mem0,111.111,5.04e-06
mem1,555.556,5.04e-06
cpu0,1.11111e+07,5.05e-06
mem0,111.111,5.05e-06
mem1,555.556,5.05e-06
cpu0,1.11111e+07,5.06e-06
mem0,111.111,5.06e-06
mem1,555.556,5.06e-06
cpu0,6.66667e+07,5.07e-06
mem0,111.111,5.07e-06
mem1,1.66722e+06,5.07e-06
cpu0,1.11111e+07,5.08e-06
mem0,111.111,5.08e-06
mem1,555.556,5.08e-06
cpu0,1.11111e+07,5.09e-06
mem0,111.111,5.09e-06
mem1,555.556,5.09e-06
cpu0,1.11111e+07,5.1e-06
mem0,111.111,5.1e-06
mem1,555.556,5.1e-06
cpu0,1.11111e+07,5.11e-06
mem0,111.111,5.11e-06
mem1,555.556,5.11e-06
cpu0,1.22222e+08,5.12e-06
mem0,111.111,5.12e-06
mem1,4.445e+06,5.12e-06
cpu0,1.11111e+07,5.13e-06
mem0,111.111,5.13e-06
mem1,555.556,5.13e-06
cpu0,1.11111e+07,5.14e-06
mem0,111.111,5.14e-06
mem1,555.556,5.14e-06
cpu0,1.11111e+07,5.15e-06
mem0,111.111,5.15e-06
mem1,555.556,5.15e-06
cpu0,1.11111e+07,5.16e-06
mem0,111.111,5.16e-06
mem1,555.556,5.16e-06
cpu0,6.66667e+07,5.17e-06
mem0,111.111,5.17e-06
mem1,1.66722e+06,5.17e-06
cpu0,1.11111e+07,5.18e-06
mem0,111.111,5.18e-06
mem1,555.556,5.18e-06
cpu0,1.11111e+07,5.19e-06
mem0,111.111,5.19e-06
mem1,555.556,5.19e-06
cpu0,1.11111e+07,5.2e-06
mem0,111.111,5.2e-06
mem1,555.556,5.2e-06
cpu0,1.11111e+07,5.21e-06
mem0,111.111,5.21e-06
mem1,555.556,5.21e-06
cpu0,1.22222e+08,5.22e-06
mem0,2.22233e+06,5.22e-06
mem1,555.556,5.22e-06
cpu0,1.11111e+07,5.23e-06
mem0,111.111,5.23e-06
mem1,555.556,5.23e-06
cpu0,1.11111e+07,5.24e-06
mem0,111.111,5.24e-06
mem1,555.556,5.24e-06
cpu0,1.11111e+07,5.25e-06
mem0,111.111,5.25e-06
mem1,555.556,5.25e-06
cpu0,1.11111e+07,5.26e-06
mem0,111.111,5.26e-06
mem1,555.556,5.26e-06
cpu0,1.22222e+08,5.27e-06
mem0,111.111,5.27e-06
mem1,4.445e+06,5.27e-06
cpu0,1.11111e+07,5.28e-06
mem0,111.111,5.28e-06
mem1,555.556,5.28e-06
cpu0,1.11111e+07,5.29e-06
mem0,111.111,5.29e-06
mem1,555.556,5.29e-06
cpu0,1.11111e+07,5.3e-06
mem0,111.111,5.3e-06
mem1,555.556,5.3e-06
cpu0,1.11111e+07,5.31e-06
mem0,111.111,5.31e-06
mem1,555.556,5.31e-06
cpu0,3.33333e+08,5.32e-06
mem0,2.22233e+06,5.32e-06
mem1,555.556,5.32e-06
cpu0,2.22222e+08,5.33e-06
mem0,111.111,5.33e-06
mem1,555.556,5.33e-06
cpu0,2.22222e+08,5.34e-06
mem0,111.111,5.34e-06
mem1,555.556,5.34e-06
cpu0,2.22222e+08,5.35e-06
mem0,111.111,5.35e-06
mem1,555.556,5.35e-06
cpu0,2.22222e+08,5.36e-06
mem0,111.111,5.36e-06
mem1,555.556,5.36e-06
cpu0,3.33333e+08,5.37e-06
mem0,111.111,5.37e-06
mem1,4.445e+06,5.37e-06
cpu0,2.22222e+08,5.38e-06
mem0,111.111,5.38e-06
mem1,555.556,5.38e-06
cpu0,2.22222e+08,5.39e-06
mem0,111.111,5.39e-06
mem1,555.556,5.39e-06
cpu0,2.22222e+08,5.4e-06
mem0,111.111,5.4e-06
mem1,555.556,5.4e-06
cpu0,2.22222e+08,5.41e-06
mem0,111.111,5.41e-06
mem1,555.556,5.41e-06
cpu0,2.77778e+08,5.42e-06
mem0,889000,5.42e-06
mem1,555.556,5.42e-06
cpu0,2.22222e+08,5.43e-06
mem0,111.111,5.43e-06
mem1,555.556,5.43e-06
cpu0,2.22222e+08,5.44e-06
mem0,111.111,5.44e-06
mem1,555.556,5.44e-06
cpu0,2.22222e+08,5.45e-06
mem0,111.111,5.45e-06
mem1,555.556,5.45e-06
cpu0,2.22222e+08,5.46e-06
mem0,111.111,5.46e-06
mem1,555.556,5.46e-06
cpu0,3.33333e+08,5.47e-06
mem0,2.22233e+06,5.47e-06
mem1,555.556,5.47e-06
cpu0,2.22222e+08,5.48e-06
mem0,111.111,5.48e-06
mem1,555.556,5.48e-06
cpu0,2.22222e+08,5.49e-06
mem0,111.111,5.49e-06
mem1,555.556,5.49e-06
cpu0,2.22222e+08,5.5e-06
mem0,111.111,5.5e-06
mem1,555.556,5.5e-06
cpu0,2.22222e+08,5.51e-06
mem0,111.111,5.51e-06
mem1,555.556,5.51e-06
cpu0,3.33333e+08,5.52e-06
mem0,2.22233e+06,5.52e-06
mem1,555.556,5.52e-06
cpu0,2.22222e+08,5.53e-06
mem0,111.111,5.53e-06
mem1,555.556,5.53e-06
cpu0,2.22222e+08,5.54e-06
mem0,111.111,5.54e-06
mem1,555.556,5.54e-06
cpu0,2.22222e+08,5.55e-06
mem0,111.111,5.55e-06
mem1,555.556,5.55e-06
cpu0,2.22222e+08,5.56e-06
mem0,111.111,5.56e-06
mem1,555.556,5.56e-06
cpu0,2.77778e+08,5.57e-06
mem0,889000,5.57e-06
mem1,555.556,5.57e-06
cpu0,2.22222e+08,5.58e-06
mem0,111.111,5.58e-06
mem1,555.556,5.58e-06
cpu0,2.22222e+08,5.59e-06
mem0,111.111,5.59e-06
mem1,555.556,5.59e-06
cpu0,2.22222e+08,5.6e-06
mem0,111.111,5.6e-06
mem1,555.556,5.6e-06
cpu0,2.22222e+08,5.61e-06
mem0,111.111,5.61e-06
mem1,555.556,5.61e-06
cpu0,2.77778e+08,5.62e-06
mem0,889000,5.62e-06
mem1,555.556,5.62e-06
cpu0,2.22222e+08,5.63e-06
mem0,111.111,5.63e-06
mem1,555.556,5.63e-06
cpu0,2.22222e+08,5.64e-06
mem0,111.111,5.64e-06
mem1,555.556,5.64e-06
cpu0,2.22222e+08,5.65e-06
mem0,111.111,5.65e-06
mem1,555.556,5.65e-06
cpu0,2.22222e+08,5.66e-06
mem0,111.111,5.66e-06
mem1,555.556,5.66e-06
cpu0,3.33333e+08,5.67e-06
mem0,111.111,5.67e-06
mem1,1e+07,5.67e-06
cpu0,2.22222e+08,5.68e-06
mem0,111.111,5.68e-06
mem1,5.55556e+06,5.68e-06
cpu0,2.22222e+08,5.69e-06
mem0,111.111,5.69e-06
mem1,5.55556e+06,5.69e-06
cpu0,2.22222e+08,5.7e-06
mem0,111.111,5.7e-06
mem1,5.55556e+06,5.7e-06
cpu0,2.22222e+08,5.71e-06
mem0,111.111,5.71e-06
mem1,5.55556e+06,5.71e-06
cpu0,3.33333e+08,5.72e-06
mem0,111.111,5.72e-06
mem1,4.445e+06,5.72e-06
cpu0,2.22222e+08,5.73e-06
mem0,111.111,5.73e-06
mem1,555.556,5.73e-06
cpu0,2.22222e+08,5.74e-06
mem0,111.111,5.74e-06
mem1,555.556,5.74e-06
cpu0,2.22222e+08,5.75e-06
mem0,111.111,5.75e-06
mem1,555.556,5.75e-06
cpu0,2.22222e+08,5.76e-06
mem0,111.111,5.76e-06
mem1,555.556,5.76e-06
cpu0,2.77778e+08,5.77e-06
mem0,111.111,5.77e-06
mem1,1.66722e+06,5.77e-06
cpu0,2.22222e+08,5.78e-06
mem0,111.111,5.78e-06
mem1,555.556,5.78e-06
cpu0,2.22222e+08,5.79e-06
mem0,111.111,5.79e-06
mem1,555.556,5.79e-06
cpu0,2.22222e+08,5.8e-06
mem0,111.111,5.8e-06
mem1,555.556,5.8e-06
cpu0,2.22222e+08,5.81e-06
mem0,111.111,5.81e-06
mem1,555.556,5.81e-06
cpu0,2.77778e+08,5.82e-06
mem0,889000,5.82e-06
mem1,555.556,5.82e-06
cpu0,2.22222e+08,5.83e-06
mem0,111.111,5.83e-06
mem1,555.556,5.83e-06
cpu0,2.22222e+08,5.84e-06
mem0,111.111,5.84e-06
mem1,555.556,5.84e-06
cpu0,2.22222e+08,5.85e-06
mem0,111.111,5.85e-06
mem1,555.556,5.85e-06
cpu0,2.22222e+08,5.86e-06
mem0,111.111,5.86e-06
mem1,555.556,5.86e-06
cpu0,3.33333e+08,5.87e-06
mem0,2.22233e+06,5.87e-06
mem1,555.556,5.87e-06
cpu0,2.22222e+08,5.88e-06
mem0,111.111,5.88e-06
mem1,555.556,5.88e-06
cpu0,2.22222e+08,5.89e-06
mem0,111.111,5.89e-06
mem1,555.556,5.89e-06
cpu0,2.22222e+08,5.9e-06
mem0,111.111,5.9e-06
mem1,555.556,5.9e-06
cpu0,2.22222e+08,5.91e-06
mem0,111.111,5.91e-06
mem1,555.556,5.91e-06
cpu0,2.77778e+08,5.92e-06
mem0,889000,5.92e-06
mem1,555.556,5.92e-06
cpu0,2.22222e+08,5.93e-06
mem0,111.111,5.93e-06
mem1,555.556,5.93e-06
cpu0,2.22222e+08,5.94e-06
mem0,111.111,5.94e-06
mem1,555.556,5.94e-06
cpu0,2.22222e+08,5.95e-06
mem0,111.111,5.95e-06
mem1,555.556,5.95e-06
cpu0,2.22222e+08,5.96e-06
mem0,111.111,5.96e-06
mem1,555.556,5.96e-06
cpu0,1.22222e+08,5.97e-06
mem0,2.22233e+06,5.97e-06
mem1,555.556,5.97e-06
cpu0,1.11111e+07,5.98e-06
mem0,111.111,5.98e-06
mem1,555.556,5.98e-06
cpu0,1.11111e+07,5.99e-06
mem0,111.111,5.99e-06
mem1,555.556,5.99e-06
cpu0,1.11111e+07,6e-06
mem0,111.111,6e-06
mem1,555.556,6e-06
cpu0,1.11111e+07,6.01e-06
mem0,111.111,6.01e-06
mem1,555.556,6.01e-06
cpu0,6.66667e+07,6.02e-06
mem0,111.111,6.02e-06
mem1,1.66722e+06,6.02e-06
cpu0,1.11111e+07,6.03e-06
mem0,111.111,6.03e-06
mem1,555.556,6.03e-06
cpu0,1.11111e+07,6.04e-06
mem0,111.111,6.04e-06
mem1,555.556,6.04e-06
cpu0,1.11111e+07,6.05e-06
mem0,111.111,6.05e-06
mem1,555.556,6.05e-06
cpu0,1.11111e+07,6.06e-06
mem0,111.111,6.06e-06
mem1,555.556,6.06e-06
cpu0,1.22222e+08,6.07e-06
mem0,2.22233e+06,6.07e-06
mem1,555.556,6.07e-06
cpu0,1.11111e+07,6.08e-06
mem0,111.111,6.08e-06
mem1,555.556,6.08e-06
cpu0,1.11111e+07,6.09e-06
mem0,111.111,6.09e-06
mem1,555.556,6.09e-06
cpu0,1.11111e+07,6.1e-06
mem0,111.111,6.1e-06
mem1,555.556,6.1e-06
cpu0,1.11111e+07,6.11e-06
mem0,111.111,6.11e-06
mem1,555.556,6.11e-06
cpu0,6.66667e+07,6.12e-06
mem0,889000,6.12e-06
mem1,555.556,6.12e-06
cpu0,1.11111e+07,6.13e-06
mem0,111.111,6.13e-06
mem1,555.556,6.13e-06
cpu0,1.11111e+07,6.14e-06
mem0,111.111,6.14e-06
mem1,555.556,6.14e-06
cpu0,1.11111e+07,6.15e-06
mem0,111.111,6.15e-06
mem1,555.556,6.15e-06
cpu0,1.11111e+07,6.16e-06
mem0,111.111,6.16e-06
mem1,555.556,6.16e-06
cpu0,6.66667e+07,6.17e-06
mem0,889000,6.17e-06
mem1,555.556,6.17e-06
cpu0,1.11111e+07,6.18e-06
mem0,111.111,6.18e-06
mem1,555.556,6.18e-06
cpu0,1.11111e+07,6.19e-06
mem0,111.111,6.19e-06
mem1,555.556,6.19e-06
cpu0,1.11111e+07,6.2e-06
mem0,111.111,6.2e-06
mem1,555.556,6.2e-06
cpu0,1.11111e+07,6.21e-06
mem0,111.111,6.21e-06
mem1,555.556,6.21e-06
cpu0,1.22222e+08,6.22e-06
mem0,2.22233e+06,6.22e-06
mem1,555.556,6.22e-06
cpu0,1.11111e+07,6.23e-06
mem0,111.111,6.23e-06
mem1,555.556,6.23e-06
cpu0,1.11111e+07,6.24e-06
mem0,111.111,6.24e-06
mem1,555.556,6.24e-06
cpu0,1.11111e+07,6.25e-06
mem0,111.111,6.25e-06
mem1,555.556,6.25e-06
cpu0,1.11111e+07,6.26e-06
mem0,111.111,6.26e-06
mem1,555.556,6.26e-06
cpu0,6.66667e+07,6.27e-06
mem0,889000,6.27e-06
mem1,555.556,6.27e-06
cpu0,1.11111e+07,6.28e-06
mem0,111.111,6.28e-06
mem1,555.556,6.28e-06
cpu0,1.11111e+07,6.29e-06
mem0,111.111,6.29e-06
mem1,555.556,6.29e-06
cpu0,1.11111e+07,6.3e-06
mem0,111.111,6.3e-06
mem1,555.556,6.3e-06
cpu0,1.11111e+07,6.31e-06
mem0,111.111,6.31e-06
mem1,555.556,6.31e-06
cpu0,1.22222e+08,6.32e-06
mem0,2.22233e+06,6.32e-06
mem1,555.556,6.32e-06
cpu0,1.11111e+07,6.33e-06
mem0,111.111,6.33e-06
mem1,555.556,6.33e-06
cpu0,1.11111e+07,6.34e-06
mem0,111.111,6.34e-06
mem1,555.556,6.34e-06
cpu0,1.11111e+07,6.35e-06
mem0,111.111,6.35e-06
mem1,555.556,6.35e-06
cpu0,1.11111e+07,6.36e-06
mem0,111.111,6.36e-06
mem1,555.556,6.36e-06
cpu0,6.66667e+07,6.37e-06
mem0,889000,6.37e-06
mem1,555.556,6.37e-06
cpu0,1.11111e+07,6.38e-06
mem0,111.111,6.38e-06
mem1,555.556,6.38e-06
cpu0,1.11111e+07,6.39e-06
mem0,111.111,6.39e-06
mem1,555.556,6.39e-06
cpu0,1.11111e+07,6.4e-06
mem0,111.111,6.4e-06
mem1,555.556,6.4e-06
cpu0,1.11111e+07,6.41e-06
mem0,111.111,6.41e-06
mem1,555.556,6.41e-06
cpu0,6.66667e+07,6.42e-06
mem0,111.111,6.42e-06
mem1,1.66722e+06,6.42e-06
cpu0,1.11111e+07,6.43e-06
mem0,111.111,6.43e-06
mem1,555.556,6.43e-06
cpu0,1.11111e+07,6.44e-06
mem0,111.111,6.44e-06
mem1,555.556,6.44e-06
cpu0,1.11111e+07,6.45e-06
mem0,111.111,6.45e-06
mem1,555.556,6.45e-06
cpu0,1.11111e+07,6.46e-06
mem0,111.111,6.46e-06
mem1,555.556,6.46e-06
cpu0,6.66667e+07,6.47e-06
mem0,889000,6.47e-06
mem1,555.556,6.47e-06
cpu0,1.11111e+07,6.48e-06
mem0,111.111,6.48e-06
mem1,555.556,6.48e-06
cpu0,1.11111e+07,6.49e-06
mem0,111.111,6.49e-06
mem1,555.556,6.49e-06
cpu0,1.11111e+07,6.5e-06
mem0,111.111,6.5e-06
mem1,555.556,6.5e-06
cpu0,1.11111e+07,6.51e-06
mem0,111.111,6.51e-06
mem1,555.556,6.51e-06
cpu0,6.66667e+07,6.52e-06
mem0,111.111,6.52e-06
mem1,1.66722e+06,6.52e-06
cpu0,1.11111e+07,6.53e-06
mem0,111.111,6.53e-06
mem1,555.556,6.53e-06
cpu0,1.11111e+07,6.54e-06
mem0,111.111,6.54e-06
mem1,555.556,6.54e-06
cpu0,1.11111e+07,6.55e-06
mem0,111.111,6.55e-06
mem1,555.556,6.55e-06
cpu0,1.11111e+07,6.56e-06
mem0,111.111,6.56e-06
mem1,555.556,6.56e-06
cpu0,6.66667e+07,6.57e-06
mem0,889000,6.57e-06
mem1,555.556,6.57e-06
cpu0,1.11111e+07,6.58e-06
mem0,111.111,6.58e-06
mem1,555.556,6.58e-06
cpu0,1.11111e+07,6.59e-06
mem0,111.111,6.59e-06
mem1,555.556,6.59e-06
cpu0,1.11111e+07,6.6e-06
mem0,111.111,6.6e-06
mem1,555.556,6.6e-06
cpu0,1.11111e+07,6.61e-06
mem0,111.111,6.61e-06
mem1,555.556,6.61e-06
cpu0,3.33333e+08,6.62e-06
mem0,2.22233e+06,6.62e-06
mem1,555.556,6.62e-06
cpu0,2.22222e+08,6.63e-06
mem0,111.111,6.63e-06
mem1,555.556,6.63e-06
cpu0,2.22222e+08,6.64e-06
mem0,111.111,6.64e-06
mem1,555.556,6.64e-06
cpu0,2.22222e+08,6.65e-06
mem0,111.111,6.65e-06
mem1,555.556,6.65e-06
cpu0,2.22222e+08,6.66e-06
mem0,111.111,6.66e-06
mem1,555.556,6.66e-06
cpu0,2.77778e+08,6.67e-06
mem0,889000,6.67e-06
mem1,555.556,6.67e-06
cpu0,2.22222e+08,6.68e-06
mem0,111.111,6.68e-06
mem1,555.556,6.68e-06
cpu0,2.22222e+08,6.69e-06
mem0,111.111,6.69e-06
mem1,555.556,6.69e-06
cpu0,2.22222e+08,6.7e-06
mem0,111.111,6.7e-06
mem1,555.556,6.7e-06
cpu0,2.22222e+08,6.71e-06
mem0,111.111,6.71e-06
mem1,555.556,6.71e-06
cpu0,3.33333e+08,6.72e-06
mem0,2.22233e+06,6.72e-06
mem1,555.556,6.72e-06
cpu0,2.22222e+08,6.73e-06
mem0,111.111,6.73e-06
mem1,555.556,6.73e-06
cpu0,2.22222e+08,6.74e-06
mem0,111.111,6.74e-06
mem1,555.556,6.74e-06
cpu0,2.22222e+08,6.75e-06
mem0,111.111,6.75e-06
mem1,555.556,6.75e-06
cpu0,2.22222e+08,6.76e-06
mem0,111.111,6.76e-06
mem1,555.556,6.76e-06
cpu0,2.77778e+08,6.77e-06
mem0,889000,6.77e-06
mem1,555.556,6.77e-06
cpu0,2.22222e+08,6.78e-06
mem0,111.111,6.78e-06
mem1,555.556,6.78e-06
cpu0,2.22222e+08,6.79e-06
mem0,111.111,6.79e-06
mem1,555.556,6.79e-06
cpu0,2.22222e+08,6.8e-06
mem0,111.111,6.8e-06
mem1,555.556,6.8e-06
cpu0,2.22222e+08,6.81e-06
mem0,111.111,6.81e-06
mem1,555.556,6.81e-06
cpu0,2.77778e+08,6.82e-06
mem0,889000,6.82e-06
mem1,555.556,6.82e-06
cpu0,2.22222e+08,6.83e-06
mem0,111.111,6.83e-06
mem1,555.556,6.83e-06
cpu0,2.22222e+08,6.84e-06
mem0,111.111,6.84e-06
mem1,555.556,6.84e-06
cpu0,2.22222e+08,6.85e-06
mem0,111.111,6.85e-06
mem1,555.556,6.85e-06
cpu0,2.22222e+08,6.86e-06
mem0,111.111,6.86e-06
mem1,555.556,6.86e-06
cpu0,2.77778e+08,6.87e-06
mem0,889000,6.87e-06
mem1,555.556,6.87e-06
cpu0,2.22222e+08,6.88e-06
mem0,111.111,6.88e-06
mem1,555.556,6.88e-06
cpu0,2.22222e+08,6.89e-06
mem0,111.111,6.89e-06
mem1,555.556,6.89e-06
cpu0,2.22222e+08,6.9e-06
mem0,111.111,6.9e-06
mem1,555.556,6.9e-06
cpu0,2.22222e+08,6.91e-06
mem0,111.111,6.91e-06
mem1,555.556,6.91e-06
cpu0,2.77778e+08,6.92e-06
mem0,111.111,6.92e-06
mem1,1.66722e+06,6.92e-06
cpu0,2.22222e+08,6.93e-06
mem0,111.111,6.93e-06
mem1,555.556,6.93e-06
cpu0,2.22222e+08,6.94e-06
mem0,111.111,6.94e-06
mem1,555.556,6.94e-06
cpu0,2.22222e+08,6.95e-06
mem0,111.111,6.95e-06
mem1,555.556,6.95e-06
cpu0,2.22222e+08,6.96e-06
mem0,111.111,6.96e-06
mem1,555.556,6.96e-06
cpu0,3.33333e+08,6.97e-06
mem0,111.111,6.97e-06
mem1,4.445e+06,6.97e-06
cpu0,2.22222e+08,6.98e-06
mem0,111.111,6.98e-06
mem1,555.556,6.98e-06
cpu0,2.22222e+08,6.99e-06
mem0,111.111,6.99e-06
mem1,555.556,6.99e-06
cpu0,2.22222e+08,7e-06
mem0,111.111,7e-06
mem1,555.556,7e-06
cpu0,2.22222e+08,7.01e-06
mem0,111.111,7.01e-06
mem1,555.556,7.01e-06
cpu0,3.33333e+08,7.02e-06
mem0,111.111,7.02e-06
mem1,4.445e+06,7.02e-06
cpu0,2.22222e+08,7.03e-06
mem0,111.111,7.03e-06
mem1,555.556,7.03e-06
cpu0,2.22222e+08,7.04e-06
mem0,111.111,7.04e-06
mem1,555.556,7.04e-06
cpu0,2.22222e+08,7.05e-06
mem0,111.111,7.05e-06
mem1,555.556,7.05e-06
cpu0,2.22222e+08,7.06e-06
mem0,111.111,7.06e-06
mem1,555.556,7.06e-06
cpu0,2.77778e+08,7.07e-06
mem0,889000,7.07e-06
mem1,555.556,7.07e-06
cpu0,2.22222e+08,7.08e-06
mem0,111.111,7.08e-06
mem1,555.556,7.08e-06
cpu0,2.22222e+08,7.09e-06
mem0,111.111,7.09e-06
mem1,555.556,7.09e-06
cpu0,2.22222e+08,7.1e-06
mem0,111.111,7.1e-06
mem1,555.556,7.1e-06
cpu0,2.22222e+08,7.11e-06
mem0,111.111,7.11e-06
mem1,555.556,7.11e-06
cpu0,3.33333e+08,7.12e-06
mem0,2.22233e+06,7.12e-06
mem1,555.556,7.12e-06
cpu0,2.22222e+08,7.13e-06
mem0,111.111,7.13e-06
mem1,555.556,7.13e-06
cpu0,2.22222e+08,7.14e-06
mem0,111.111,7.14e-06
mem1,555.556,7.14e-06
cpu0,2.22222e+08,7.15e-06
mem0,111.111,7.15e-06
mem1,555.556,7.15e-06
cpu0,2.22222e+08,7.16e-06
mem0,111.111,7.16e-06
mem1,555.556,7.16e-06
cpu0,2.77778e+08,7.17e-06
mem0,889000,7.17e-06
mem1,555.556,7.17e-06
cpu0,2.22222e+08,7.18e-06
mem0,111.111,7.18e-06
mem1,555.556,7.18e-06
cpu0,2.22222e+08,7.19e-06
mem0,111.111,7.19e-06
mem1,555.556,7.19e-06
cpu0,2.22222e+08,7.2e-06
mem0,111.111,7.2e-06
mem1,555.556,7.2e-06
cpu0,2.22222e+08,7.21e-06
mem0,111.111,7.21e-06
mem1,555.556,7.21e-06
cpu0,2.77778e+08,7.22e-06
mem0,111.111,7.22e-06
mem1,1.66722e+06,7.22e-06
cpu0,2.22222e+08,7.23e-06
mem0,111.111,7.23e-06
mem1,555.556,7.23e-06
cpu0,2.22222e+08,7.24e-06
mem0,111.111,7.24e-06
mem1,555.556,7.24e-06
cpu0,2.22222e+08,7.25e-06
mem0,111.111,7.25e-06
mem1,555.556,7.25e-06
cpu0,2.22222e+08,7.26e-06
mem0,111.111,7.26e-06
mem1,555.556,7.26e-06
cpu0,2.77778e+08,7.27e-06
mem0,889000,7.27e-06
mem1,555.556,7.27e-06
cpu0,2.22222e+08,7.28e-06
mem0,111.111,7.28e-06
mem1,555.556,7.28e-06
cpu0,2.22222e+08,7.29e-06
mem0,111.111,7.29e-06
mem1,555.556,7.29e-06
cpu0,2.22222e+08,7.3e-06
mem0,111.111,7.3e-06
mem1,555.556,7.3e-06
cpu0,2.22222e+08,7.31e-06
mem0,111.111,7.31e-06
mem1,555.556,7.31e-06
cpu0,2.77778e+08,7.32e-06
mem0,111.111,7.32e-06
mem1,1.66722e+06,7.32e-06
cpu0,2.22222e+08,7.33e-06
mem0,111.111,7.33e-06
mem1,555.556,7.33e-06
cpu0,2.22222e+08,7.34e-06
mem0,111.111,7.34e-06
mem1,555.556,7.34e-06
cpu0,2.22222e+08,7.35e-06
mem0,111.111,7.35e-06
mem1,555.556,7.35e-06
cpu0,2.22222e+08,7.36e-06
mem0,111.111,7.36e-06
mem1,555.556,7.36e-06
cpu0,3.33333e+08,7.37e-06
mem0,111.111,7.37e-06
mem1,1e+07,7.37e-06
cpu0,2.22222e+08,7.38e-06
mem0,111.111,7.38e-06
mem1,5.55556e+06,7.38e-06
cpu0,2.22222e+08,7.39e-06
mem0,111.111,7.39e-06
mem1,5.55556e+06,7.39e-06
cpu0,2.22222e+08,7.4e-06
mem0,111.111,7.4e-06
mem1,5.55556e+06,7.4e-06
cpu0,2.22222e+08,7.41e-06
mem0,111.111,7.41e-06
mem1,5.55556e+06,7.41e-06
cpu0,3.33333e+08,7.42e-06
mem0,2.22233e+06,7.42e-06
mem1,5.55556e+06,7.42e-06
cpu0,2.22222e+08,7.43e-06
mem0,111.111,7.43e-06
mem1,5.55556e+06,7.43e-06
cpu0,2.22222e+08,7.44e-06
mem0,111.111,7.44e-06
mem1,5.55556e+06,7.44e-06
cpu0,2.22222e+08,7.45e-06
mem0,111.111,7.45e-06
mem1,5.55556e+06,7.45e-06
cpu0,2.22222e+08,7.46e-06
mem0,111.111,7.46e-06
mem1,5.55556e+06,7.46e-06
cpu0,3.33333e+08,7.47e-06
mem0,111.111,7.47e-06
mem1,1e+07,7.47e-06
cpu0,2.22222e+08,7.48e-06
mem0,111.111,7.48e-06
mem1,5.55556e+06,7.48e-06
cpu0,2.22222e+08,7.49e-06
mem0,111.111,7.49e-06
mem1,5.55556e+06,7.49e-06
cpu0,2.22222e+08,7.5e-06
mem0,111.111,7.5e-06
mem1,5.55556e+06,7.5e-06
cpu0,2.22222e+08,7.51e-06
mem0,111.111,7.51e-06
mem1,5.55556e+06,7.51e-06
cpu0,3.33333e+08,7.52e-06
mem0,2.22233e+06,7.52e-06
mem1,5.55556e+06,7.52e-06
cpu0,2.22222e+08,7.53e-06
mem0,111.111,7.53e-06
mem1,5.55556e+06,7.53e-06
cpu0,2.22222e+08,7.54e-06
mem0,111.111,7.54e-06
mem1,5.55556e+06,7.54e-06
cpu0,2.22222e+08,7.55e-06
mem0,111.111,7.55e-06
mem1,5.55556e+06,7.55e-06
cpu0,2.22222e+08,7.56e-06
mem0,111.111,7.56e-06
mem1,5.55556e+06,7.56e-06
cpu0,1.22222e+08,7.57e-06
mem0,2.22233e+06,7.57e-06
mem1,5.55556e+06,7.57e-06
cpu0,1.11111e+07,7.58e-06
mem0,111.111,7.58e-06
mem1,5.55556e+06,7.58e-06
cpu0,1.11111e+07,7.59e-06
mem0,111.111,7.59e-06
mem1,5.55556e+06,7.59e-06
cpu0,1.11111e+07,7.6e-06
mem0,111.111,7.6e-06
mem1,5.55556e+06,7.6e-06
cpu0,1.11111e+07,7.61e-06
mem0,111.111,7.61e-06
mem1,5.55556e+06,7.61e-06
cpu0,6.66667e+07,7.62e-06
mem0,111.111,7.62e-06
mem1,7.22222e+06,7.62e-06
cpu0,1.11111e+07,7.63e-06
mem0,111.111,7.63e-06
mem1,5.55556e+06,7.63e-06
cpu0,1.11111e+07,7.64e-06
mem0,111.111,7.64e-06
mem1,5.55556e+06,7.64e-06
cpu0,1.11111e+07,7.65e-06
mem0,111.111,7.65e-06
mem1,5.55556e+06,7.65e-06
cpu0,1.11111e+07,7.66e-06
mem0,111.111,7.66e-06
mem1,5.55556e+06,7.66e-06
cpu0,6.66667e+07,7.67e-06
mem0,111.111,7.67e-06
mem1,7.22222e+06,7.67e-06
cpu0,1.11111e+07,7.68e-06
mem0,111.111,7.68e-06
mem1,5.55556e+06,7.68e-06
cpu0,1.11111e+07,7.69e-06
mem0,111.111,7.69e-06
mem1,5.55556e+06,7.69e-06
cpu0,1.11111e+07,7.7e-06
mem0,111.111,7.7e-06
mem1,5.55556e+06,7.7e-06
cpu0,1.11111e+07,7.71e-06
mem0,111.111,7.71e-06
mem1,5.55556e+06,7.71e-06
cpu0,1.22222e+08,7.72e-06
mem0,111.111,7.72e-06
mem1,1e+07,7.72e-06
cpu0,1.11111e+07,7.73e-06
mem0,111.111,7.73e-06
mem1,5.55556e+06,7.73e-06
cpu0,1.11111e+07,7.74e-06
mem0,111.111,7.74e-06
mem1,5.55556e+06,7.74e-06
cpu0,1.11111e+07,7.75e-06
mem0,111.111,7.75e-06
mem1,5.55556e+06,7.75e-06
cpu0,1.11111e+07,7.76e-06
mem0,111.111,7.76e-06
mem1,5.55556e+06,7.76e-06
cpu0,6.66667e+07,7.77e-06
mem0,889000,7.77e-06
mem1,5.55556e+06,7.77e-06
cpu0,1.11111e+07,7.78e-06
mem0,111.111,7.78e-06
mem1,5.55556e+06,7.78e-06
cpu0,1.11111e+07,7.79e-06
mem0,111.111,7.79e-06
mem1,5.55556e+06,7.79e-06
cpu0,1.11111e+07,7.8e-06
mem0,111.111,7.8e-06
mem1,5.55556e+06,7.8e-06
cpu0,1.11111e+07,7.81e-06
mem0,111.111,7.81e-06
mem1,5.55556e+06,7.81e-06
cpu0,6.66667e+07,7.82e-06
mem0,111.111,7.82e-06
mem1,7.22222e+06,7.82e-06
cpu0,1.11111e+07,7.83e-06
mem0,111.111,7.83e-06
mem1,5.55556e+06,7.83e-06
cpu0,1.11111e+07,7.84e-06
mem0,111.111,7.84e-06
mem1,5.55556e+06,7.84e-06
cpu0,1.11111e+07,7.85e-06
mem0,111.111,7.85e-06
mem1,5.55556e+06,7.85e-06
cpu0,1.11111e+07,7.86e-06
mem0,111.111,7.86e-06
mem1,5.55556e+06,7.86e-06
cpu0,6.66667e+07,7.87e-06
mem0,111.111,7.87e-06
mem1,7.22222e+06,7.87e-06
cpu0,1.11111e+07,7.88e-06
mem0,111.111,7.88e-06
mem1,5.55556e+06,7.88e-06
cpu0,1.11111e+07,7.89e-06
mem0,111.111,7.89e-06
mem1,5.55556e+06,7.89e-06
cpu0,1.11111e+07,7.9e-06
mem0,111.111,7.9e-06
mem1,5.55556e+06,7.9e-06
cpu0,1.11111e+07,7.91e-06
mem0,111.111,7.91e-06
mem1,5.55556e+06,7.91e-06
cpu0,6.66667e+07,7.92e-06
mem0,111.111,7.92e-06
mem1,7.22222e+06,7.92e-06
cpu0,1.11111e+07,7.93e-06
mem0,111.111,7.93e-06
mem1,5.55556e+06,7.93e-06
cpu0,1.11111e+07,7.94e-06
mem0,111.111,7.94e-06
mem1,5.55556e+06,7.94e-06
cpu0,1.11111e+07,7.95e-06
mem0,111.111,7.95e-06
mem1,5.55556e+06,7.95e-06
cpu0,1.11111e+07,7.96e-06
mem0,111.111,7.96e-06
mem1,5.55556e+06,7.96e-06
cpu0,1.22222e+08,7.97e-06
mem0,2.22233e+06,7.97e-06
mem1,5.55556e+06,7.97e-06
cpu0,1.11111e+07,7.98e-06
mem0,111.111,7.98e-06
mem1,5.55556e+06,7.98e-06
cpu0,1.11111e+07,7.99e-06
mem0,111.111,7.99e-06
mem1,5.55556e+06,7.99e-06
cpu0,1.11111e+07,8e-06
mem0,111.111,8e-06
mem1,5.55556e+06,8e-06
cpu0,1.11111e+07,8.01e-06
mem0,111.111,8.01e-06
mem1,5.55556e+06,8.01e-06
cpu0,1.22222e+08,8.02e-06
mem0,2.22233e+06,8.02e-06
mem1,5.55556e+06,8.02e-06
cpu0,1.11111e+07,8.03e-06
mem0,111.111,8.03e-06
mem1,5.55556e+06,8.03e-06
cpu0,1.11111e+07,8.04e-06
mem0,111.111,8.04e-06
mem1,5.55556e+06,8.04e-06
cpu0,1.11111e+07,8.05e-06
mem0,111.111,8.05e-06
mem1,5.55556e+06,8.05e-06
cpu0,1.11111e+07,8.06e-06
mem0,111.111,8.06e-06
mem1,5.55556e+06,8.06e-06
cpu0,1.22222e+08,8.07e-06
mem0,2.22233e+06,8.07e-06
mem1,5.55556e+06,8.07e-06
cpu0,1.11111e+07,8.08e-06
mem0,111.111,8.08e-06
mem1,5.55556e+06,8.08e-06
cpu0,1.11111e+07,8.09e-06
mem0,111.111,8.09e-06
mem1,5.55556e+06,8.09e-06
cpu0,1.11111e+07,8.1e-06
mem0,111.111,8.1e-06
mem1,5.55556e+06,8.1e-06
cpu0,1.11111e+07,8.11e-06
mem0,111.111,8.11e-06
mem1,5.55556e+06,8.11e-06
cpu0,1.22222e+08,8.12e-06
mem0,111.111,8.12e-06
mem1,4.445e+06,8.12e-06
cpu0,1.11111e+07,8.13e-06
mem0,111.111,8.13e-06
mem1,555.556,8.13e-06
cpu0,1.11111e+07,8.14e-06
mem0,111.111,8.14e-06
mem1,555.556,8.14e-06
cpu0,1.11111e+07,8.15e-06
mem0,111.111,8.15e-06
mem1,555.556,8.15e-06
cpu0,1.11111e+07,8.16e-06
mem0,111.111,8.16e-06
mem1,555.556,8.16e-06
cpu0,1.22222e+08,8.17e-06
mem0,2.22233e+06,8.17e-06
mem1,555.556,8.17e-06
cpu0,1.11111e+07,8.18e-06
mem0,111.111,8.18e-06
mem1,555.556,8.18e-06
cpu0,1.11111e+07,8.19e-06
mem0,111.111,8.19e-06
mem1,555.556,8.19e-06
cpu0,1.11111e+07,8.2e-06
mem0,111.111,8.2e-06
mem1,555.556,8.2e-06
cpu0,1.11111e+07,8.21e-06
mem0,111.111,8.21e-06
mem1,555.556,8.21e-06
cpu0,6.66667e+07,8.22e-06
mem0,111.111,8.22e-06
mem1,1.66722e+06,8.22e-06
cpu0,1.11111e+07,8.23e-06
mem0,111.111,8.23e-06
mem1,555.556,8.23e-06
cpu0,1.11111e+07,8.24e-06
mem0,111.111,8.24e-06
mem1,555.556,8.24e-06
cpu0,1.11111e+07,8.25e-06
mem0,111.111,8.25e-06
mem1,555.556,8.25e-06
cpu0,1.11111e+07,8.26e-06
mem0,111.111,8.26e-06
mem1,555.556,8.26e-06
cpu0,6.66667e+07,8.27e-06
mem0,889000,8.27e-06
mem1,555.556,8.27e-06
cpu0,1.11111e+07,8.28e-06
mem0,111.111,8.28e-06
mem1,555.556,8.28e-06
cpu0,1.11111e+07,8.29e-06
mem0,111.111,8.29e-06
mem1,555.556,8.29e-06
cpu0,1.11111e+07,8.3e-06
mem0,111.111,8.3e-06
mem1,555.556,8.3e-06
cpu0,1.11111e+07,8.31e-06
mem0,111.111,8.31e-06
mem1,555.556,8.31e-06
cpu0,1.22222e+08,8.32e-06
mem0,111.111,8.32e-06
mem1,4.445e+06,8.32e-06
cpu0,1.11111e+07,8.33e-06
mem0,111.111,8.33e-06
mem1,555.556,8.33e-06
cpu0,1.11111e+07,8.34e-06
mem0,111.111,8.34e-06
mem1,555.556,8.34e-06
cpu0,1.11111e+07,8.35e-06
mem0,111.111,8.35e-06
mem1,555.556,8.35e-06
cpu0,1.11111e+07,8.36e-06
mem0,111.111,8.36e-06
mem1,555.556,8.36e-06
cpu0,6.66667e+07,8.37e-06
mem0,889000,8.37e-06
mem1,555.556,8.37e-06
cpu0,1.11111e+07,8.38e-06
mem0,111.111,8.38e-06
mem1,555.556,8.38e-06
cpu0,1.11111e+07,8.39e-06
mem0,111.111,8.39e-06
mem1,555.556,8.39e-06
cpu0,1.11111e+07,8.4e-06
mem0,111.111,8.4e-06
mem1,555.556,8.4e-06
cpu0,1.11111e+07,8.41e-06
mem0,111.111,8.41e-06
mem1,555.556,8.41e-06
cpu0,1.22222e+08,8.42e-06
mem0,2.22233e+06,8.42e-06
mem1,555.556,8.42e-06
cpu0,1.11111e+07,8.43e-06
mem0,111.111,8.43e-06
mem1,555.556,8.43e-06
cpu0,1.11111e+07,8.44e-06
mem0,111.111,8.44e-06
mem1,555.556,8.44e-06
cpu0,1.11111e+07,8.45e-06
mem0,111.111,8.45e-06
mem1,555.556,8.45e-06
cpu0,1.11111e+07,8.46e-06
mem0,111.111,8.46e-06
mem1,555.556,8.46e-06
cpu0,3.33333e+08,8.47e-06
mem0,2.22233e+06,8.47e-06
mem1,555.556,8.47e-06
cpu0,2.22222e+08,8.48e-06
mem0,111.111,8.48e-06
mem1,555.556,8.48e-06
cpu0,2.22222e+08,8.49e-06
mem0,111.111,8.49e-06
mem1,555.556,8.49e-06
cpu0,2.22222e+08,8.5e-06
mem0,111.111,8.5e-06
mem1,555.556,8.5e-06
cpu0,2.22222e+08,8.51e-06
mem0,111.111,8.51e-06
mem1,555.556,8.51e-06
cpu0,2.77778e+08,8.52e-06
mem0,111.111,8.52e-06
mem1,1.66722e+06,8.52e-06
cpu0,2.22222e+08,8.53e-06
mem0,111.111,8.53e-06
mem1,555.556,8.53e-06
cpu0,2.22222e+08,8.54e-06
mem0,111.111,8.54e-06
mem1,555.556,8.54e-06
cpu0,2.22222e+08,8.55e-06
mem0,111.111,8.55e-06
mem1,555.556,8.55e-06
cpu0,2.22222e+08,8.56e-06
mem0,111.111,8.56e-06
mem1,555.556,8.56e-06
cpu0,2.77778e+08,8.57e-06
mem0,889000,8.57e-06
mem1,555.556,8.57e-06
cpu0,2.22222e+08,8.58e-06
mem0,111.111,8.58e-06
mem1,555.556,8.58e-06
cpu0,2.22222e+08,8.59e-06
mem0,111.111,8.59e-06
mem1,555.556,8.59e-06
cpu0,2.22222e+08,8.6e-06
mem0,111.111,8.6e-06
mem1,555.556,8.6e-06
cpu0,2.22222e+08,8.61e-06
mem0,111.111,8.61e-06
mem1,555.556,8.61e-06
cpu0,3.33333e+08,8.62e-06
mem0,111.111,8.62e-06
mem1,4.445e+06,8.62e-06
cpu0,2.22222e+08,8.63e-06
mem0,111.111,8.63e-06
mem1,555.556,8.63e-06
cpu0,2.22222e+08,8.64e-06
mem0,111.111,8.64e-06
mem1,555.556,8.64e-06
cpu0,2.22222e+08,8.65e-06
mem0,111.111,8.65e-06
mem1,555.556,8.65e-06
cpu0,2.22222e+08,8.66e-06
mem0,111.111,8.66e-06
mem1,555.556,8.66e-06
cpu0,3.33333e+08,8.67e-06
mem0,2.22233e+06,8.67e-06
mem1,555.556,8.67e-06
cpu0,2.22222e+08,8.68e-06
mem0,111.111,8.68e-06
mem1,555.556,8.68e-06
cpu0,2.22222e+08,8.69e-06
mem0,111.111,8.69e-06
mem1,555.556,8.69e-06
cpu0,2.22222e+08,8.7e-06
mem0,111.111,8.7e-06
mem1,555.556,8.7e-06
cpu0,2.22222e+08,8.71e-06
mem0,111.111,8.71e-06
mem1,555.556,8.71e-06
cpu0,2.77778e+08,8.72e-06
mem0,111.111,8.72e-06
mem1,1.66722e+06,8.72e-06
cpu0,2.22222e+08,8.73e-06
mem0,111.111,8.73e-06
mem1,555.556,8.73e-06
cpu0,2.22222e+08,8.74e-06
mem0,111.111,8.74e-06
mem1,555.556,8.74e-06
cpu0,2.22222e+08,8.75e-06
mem0,111.111,8.75e-06
mem1,555.556,8.75e-06
cpu0,2.22222e+08,8.76e-06
mem0,111.111,8.76e-06
mem1,555.556,8.76e-06
cpu0,1.22222e+08,8.77e-06
mem0,111.111,8.77e-06
mem1,4.445e+06,8.77e-06
cpu0,1.11111e+07,8.78e-06
mem0,111.111,8.78e-06
mem1,555.556,8.78e-06
cpu0,1.11111e+07,8.79e-06
mem0,111.111,8.79e-06
mem1,555.556,8.79e-06
cpu0,1.11111e+07,8.8e-06
mem0,111.111,8.8e-06
mem1,555.556,8.8e-06
cpu0,1.11111e+07,8.81e-06
mem0,111.111,8.81e-06
mem1,555.556,8.81e-06
cpu0,6.66667e+07,8.82e-06
mem0,111.111,8.82e-06
mem1,1.66722e+06,8.82e-06
cpu0,1.11111e+07,8.83e-06
mem0,111.111,8.83e-06
mem1,555.556,8.83e-06
cpu0,1.11111e+07,8.84e-06
mem0,111.111,8.84e-06
mem1,555.556,8.84e-06
cpu0,1.11111e+07,8.85e-06
mem0,111.111,8.85e-06
mem1,555.556,8.85e-06
cpu0,1.11111e+07,8.86e-06
mem0,111.111,8.86e-06
mem1,555.556,8.86e-06
cpu0,6.66667e+07,8.87e-06
mem0,111.111,8.87e-06
mem1,1.66722e+06,8.87e-06
cpu0,1.11111e+07,8.88e-06
mem0,111.111,8.88e-06
mem1,555.556,8.88e-06
cpu0,1.11111e+07,8.89e-06
mem0,111.111,8.89e-06
mem1,555.556,8.89e-06
cpu0,1.11111e+07,8.9e-06
mem0,111.111,8.9e-06
mem1,555.556,8.9e-06
cpu0,1.11111e+07,8.91e-06
mem0,111.111,8.91e-06
mem1,555.556,8.91e-06
cpu0,1.22222e+08,8.92e-06
mem0,6.66667e+06,8.92e-06
mem1,555.556,8.92e-06
cpu0,1.11111e+07,8.93e-06
mem0,4.44444e+06,8.93e-06
mem1,555.556,8.93e-06
cpu0,1.11111e+07,8.94e-06
mem0,4.44444e+06,8.94e-06
mem1,555.556,8.94e-06
cpu0,1.11111e+07,8.95e-06
mem0,4.44444e+06,8.95e-06
mem1,555.556,8.95e-06
cpu0,1.11111e+07,8.96e-06
mem0,4.44444e+06,8.96e-06
mem1,555.556,8.96e-06
cpu0,1.22222e+08,8.97e-06
mem0,6.66667e+06,8.97e-06
mem1,555.556,8.97e-06
cpu0,1.11111e+07,8.98e-06
mem0,4.44444e+06,8.98e-06
mem1,555.556,8.98e-06
cpu0,1.11111e+07,8.99e-06
mem0,4.44444e+06,8.99e-06
mem1,555.556,8.99e-06
cpu0,1.11111e+07,9e-06
mem0,4.44444e+06,9e-06
mem1,555.556,9e-06
cpu0,1.11111e+07,9.01e-06
mem0,4.44444e+06,9.01e-06
mem1,555.556,9.01e-06
cpu0,6.66667e+07,9.02e-06
mem0,5.33333e+06,9.02e-06
mem1,555.556,9.02e-06
cpu0,1.11111e+07,9.03e-06
mem0,4.44444e+06,9.03e-06
mem1,555.556,9.03e-06
cpu0,1.11111e+07,9.04e-06
mem0,4.44444e+06,9.04e-06
mem1,555.556,9.04e-06
cpu0,1.11111e+07,9.05e-06
mem0,4.44444e+06,9.05e-06
mem1,555.556,9.05e-06
cpu0,1.11111e+07,9.06e-06
mem0,4.44444e+06,9.06e-06
mem1,555.556,9.06e-06
cpu0,6.66667e+07,9.07e-06
mem0,5.33333e+06,9.07e-06
mem1,555.556,9.07e-06
cpu0,1.11111e+07,9.08e-06
mem0,4.44444e+06,9.08e-06
mem1,555.556,9.08e-06
cpu0,1.11111e+07,9.09e-06
mem0,4.44444e+06,9.09e-06
mem1,555.556,9.09e-06
cpu0,1.11111e+07,9.1e-06
mem0,4.44444e+06,9.1e-06
mem1,555.556,9.1e-06
cpu0,1.11111e+07,9.11e-06
mem0,4.44444e+06,9.11e-06
mem1,555.556,9.11e-06
cpu0,1.22222e+08,9.12e-06
mem0,6.66667e+06,9.12e-06
mem1,555.556,9.12e-06
cpu0,1.11111e+07,9.13e-06
mem0,4.44444e+06,9.13e-06
mem1,555.556,9.13e-06
cpu0,1.11111e+07,9.14e-06
mem0,4.44444e+06,9.14e-06
mem1,555.556,9.14e-06
cpu0,1.11111e+07,9.15e-06
mem0,4.44444e+06,9.15e-06
mem1,555.556,9.15e-06
cpu0,1.11111e+07,9.16e-06
mem0,4.44444e+06,9.16e-06
mem1,555.556,9.16e-06
cpu0,1.22222e+08,9.17e-06
mem0,4.44444e+06,9.17e-06
mem1,4.445e+06,9.17e-06
cpu0,1.11111e+07,9.18e-06
mem0,4.44444e+06,9.18e-06
mem1,555.556,9.18e-06
cpu0,1.11111e+07,9.19e-06
mem0,4.44444e+06,9.19e-06
mem1,555.556,9.19e-06
cpu0,1.11111e+07,9.2e-06
mem0,4.44444e+06,9.2e-06
mem1,555.556,9.2e-06
cpu0,1.11111e+07,9.21e-06
mem0,4.44444e+06,9.21e-06
mem1,555.556,9.21e-06
cpu0,1.22222e+08,9.22e-06
mem0,4.44444e+06,9.22e-06
mem1,4.445e+06,9.22e-06
cpu0,1.11111e+07,9.23e-06
mem0,4.44444e+06,9.23e-06
mem1,555.556,9.23e-06
cpu0,1.11111e+07,9.24e-06
mem0,4.44444e+06,9.24e-06
mem1,555.556,9.24e-06
cpu0,1.11111e+07,9.25e-06
mem0,4.44444e+06,9.25e-06
mem1,555.556,9.25e-06
cpu0,1.11111e+07,9.26e-06
mem0,4.44444e+06,9.26e-06
mem1,555.556,9.26e-06
cpu0,1.22222e+08,9.27e-06
mem0,6.66667e+06,9.27e-06
mem1,555.556,9.27e-06
cpu0,1.11111e+07,9.28e-06
mem0,4.44444e+06,9.28e-06
mem1,555.556,9.28e-06
cpu0,1.11111e+07,9.29e-06
mem0,4.44444e+06,9.29e-06
mem1,555.556,9.29e-06
cpu0,1.11111e+07,9.3e-06
mem0,4.44444e+06,9.3e-06
mem1,555.556,9.3e-06
cpu0,1.11111e+07,9.31e-06
mem0,4.44444e+06,9.31e-06
mem1,555.556,9.31e-06
cpu0,1.22222e+08,9.32e-06
mem0,6.66667e+06,9.32e-06
mem1,555.556,9.32e-06
cpu0,1.11111e+07,9.33e-06
mem0,4.44444e+06,9.33e-06
mem1,555.556,9.33e-06
cpu0,1.11111e+07,9.34e-06
mem0,4.44444e+06,9.34e-06
mem1,555.556,9.34e-06
cpu0,1.11111e+07,9.35e-06
mem0,4.44444e+06,9.35e-06
mem1,555.556,9.35e-06
cpu0,1.11111e+07,9.36e-06
mem0,4.44444e+06,9.36e-06
mem1,555.556,9.36e-06
cpu0,6.66667e+07,9.37e-06
mem0,5.33333e+06,9.37e-06
mem1,555.556,9.37e-06
cpu0,1.11111e+07,9.38e-06
mem0,4.44444e+06,9.38e-06
mem1,555.556,9.38e-06
cpu0,1.11111e+07,9.39e-06
mem0,4.44444e+06,9.39e-06
mem1,555.556,9.39e-06
cpu0,1.11111e+07,9.4e-06
mem0,4.44444e+06,9.4e-06
mem1,555.556,9.4e-06
cpu0,1.11111e+07,9.41e-06
mem0,4.44444e+06,9.41e-06
mem1,555.556,9.41e-06
cpu0,1.22222e+08,9.42e-06
mem0,4.44444e+06,9.42e-06
mem1,4.445e+06,9.42e-06
cpu0,1.11111e+07,9.43e-06
mem0,4.44444e+06,9.43e-06
mem1,555.556,9.43e-06
cpu0,1.11111e+07,9.44e-06
mem0,4.44444e+06,9.44e-06
mem1,555.556,9.44e-06
cpu0,1.11111e+07,9.45e-06
mem0,4.44444e+06,9.45e-06
mem1,555.556,9.45e-06
cpu0,1.11111e+07,9.46e-06
mem0,4.44444e+06,9.46e-06
mem1,555.556,9.46e-06
cpu0,1.22222e+08,9.47e-06
mem0,6.66667e+06,9.47e-06
mem1,555.556,9.47e-06
cpu0,1.11111e+07,9.48e-06
mem0,4.44444e+06,9.48e-06
mem1,555.556,9.48e-06
cpu0,1.11111e+07,9.49e-06
mem0,4.44444e+06,9.49e-06
mem1,555.556,9.49e-06
cpu0,1.11111e+07,9.5e-06
mem0,4.44444e+06,9.5e-06
mem1,555.556,9.5e-06
cpu0,1.11111e+07,9.51e-06
mem0,4.44444e+06,9.51e-06
mem1,555.556,9.51e-06
cpu0,6.66667e+07,9.52e-06
mem0,4.44444e+06,9.52e-06
mem1,1.66722e+06,9.52e-06
cpu0,1.11111e+07,9.53e-06
mem0,4.44444e+06,9.53e-06
mem1,555.556,9.53e-06
cpu0,1.11111e+07,9.54e-06
mem0,4.44444e+06,9.54e-06
mem1,555.556,9.54e-06
cpu0,1.11111e+07,9.55e-06
mem0,4.44444e+06,9.55e-06
mem1,555.556,9.55e-06
cpu0,1.11111e+07,9.56e-06
mem0,4.44444e+06,9.56e-06
mem1,555.556,9.56e-06
cpu0,6.66667e+07,9.57e-06
mem0,5.33333e+06,9.57e-06
mem1,555.556,9.57e-06
cpu0,1.11111e+07,9.58e-06
mem0,4.44444e+06,9.58e-06
mem1,555.556,9.58e-06
cpu0,1.11111e+07,9.59e-06
mem0,4.44444e+06,9.59e-06
mem1,555.556,9.59e-06
cpu0,1.11111e+07,9.6e-06
mem0,4.44444e+06,9.6e-06
mem1,555.556,9.6e-06
cpu0,1.11111e+07,9.61e-06
mem0,4.44444e+06,9.61e-06
mem1,555.556,9.61e-06
cpu0,1.22222e+08,9.62e-06
mem0,4.44444e+06,9.62e-06
mem1,4.445e+06,9.62e-06
cpu0,1.11111e+07,9.63e-06
mem0,4.44444e+06,9.63e-06
mem1,555.556,9.63e-06
cpu0,1.11111e+07,9.64e-06
mem0,4.44444e+06,9.64e-06
mem1,555.556,9.64e-06
cpu0,1.11111e+07,9.65e-06
mem0,4.44444e+06,9.65e-06
mem1,555.556,9.65e-06
cpu0,1.11111e+07,9.66e-06
mem0,4.44444e+06,9.66e-06
mem1,555.556,9.66e-06
cpu0,6.66667e+07,9.67e-06
mem0,5.33333e+06,9.67e-06
mem1,555.556,9.67e-06
cpu0,1.11111e+07,9.68e-06
mem0,4.44444e+06,9.68e-06
mem1,555.556,9.68e-06
cpu0,1.11111e+07,9.69e-06
mem0,4.44444e+06,9.69e-06
mem1,555.556,9.69e-06
cpu0,1.11111e+07,9.7e-06
mem0,4.44444e+06,9.7e-06
mem1,555.556,9.7e-06
cpu0,1.11111e+07,9.71e-06
mem0,4.44444e+06,9.71e-06
mem1,555.556,9.71e-06
cpu0,6.66667e+07,9.72e-06
mem0,4.44444e+06,9.72e-06
mem1,1.66722e+06,9.72e-06
cpu0,1.11111e+07,9.73e-06
mem0,4.44444e+06,9.73e-06
mem1,555.556,9.73e-06
cpu0,1.11111e+07,9.74e-06
mem0,4.44444e+06,9.74e-06
mem1,555.556,9.74e-06
cpu0,1.11111e+07,9.75e-06
mem0,4.44444e+06,9.75e-06
mem1,555.556,9.75e-06
cpu0,1.11111e+07,9.76e-06
mem0,4.44444e+06,9.76e-06
mem1,555.556,9.76e-06
cpu0,3.33333e+08,9.77e-06
mem0,6.66667e+06,9.77e-06
mem1,555.556,9.77e-06
cpu0,2.22222e+08,9.78e-06
mem0,4.44444e+06,9.78e-06
mem1,555.556,9.78e-06
cpu0,2.22222e+08,9.79e-06
mem0,4.44444e+06,9.79e-06
mem1,555.556,9.79e-06
cpu0,2.22222e+08,9.8e-06
mem0,4.44444e+06,9.8e-06
mem1,555.556,9.8e-06
cpu0,2.22222e+08,9.81e-06
mem0,4.44444e+06,9.81e-06
mem1,555.556,9.81e-06
cpu0,2.77778e+08,9.82e-06
mem0,4.44444e+06,9.82e-06
mem1,1.66722e+06,9.82e-06
cpu0,2.22222e+08,9.83e-06
mem0,4.44444e+06,9.83e-06
mem1,555.556,9.83e-06
cpu0,2.22222e+08,9.84e-06
mem0,4.44444e+06,9.84e-06
mem1,555.556,9.84e-06
cpu0,2.22222e+08,9.85e-06
mem0,4.44444e+06,9.85e-06
mem1,555.556,9.85e-06
cpu0,2.22222e+08,9.86e-06
mem0,4.44444e+06,9.86e-06
mem1,555.556,9.86e-06
cpu0,3.33333e+08,9.87e-06
mem0,2.22233e+06,9.87e-06
mem1,555.556,9.87e-06
cpu0,2.22222e+08,9.88e-06
mem0,111.111,9.88e-06
mem1,555.556,9.88e-06
cpu0,2.22222e+08,9.89e-06
mem0,111.111,9.89e-06
mem1,555.556,9.89e-06
cpu0,2.22222e+08,9.9e-06
mem0,111.111,9.9e-06
mem1,555.556,9.9e-06
cpu0,2.22222e+08,9.91e-06
mem0,111.111,9.91e-06
mem1,555.556,9.91e-06
cpu0,3.33333e+08,9.92e-06
mem0,111.111,9.92e-06
mem1,4.445e+06,9.92e-06
cpu0,2.22222e+08,9.93e-06
mem0,111.111,9.93e-06
mem1,555.556,9.93e-06
cpu0,2.22222e+08,9.94e-06
mem0,111.111,9.94e-06
mem1,555.556,9.94e-06
cpu0,2.22222e+08,9.95e-06
mem0,111.111,9.95e-06
mem1,555.556,9.95e-06
cpu0,2.22222e+08,9.96e-06
mem0,111.111,9.96e-06
mem1,555.556,9.96e-06
cpu0,2.77778e+08,9.97e-06
mem0,889000,9.97e-06
mem1,555.556,9.97e-06
cpu0,2.22222e+08,9.98e-06
mem0,111.111,9.98e-06
mem1,555.556,9.98e-06
cpu0,2.22222e+08,9.99e-06
mem0,111.111,9.99e-06
mem1,555.556,9.99e-06
